subject_id,motif_id,usage_percentage,frequency_starts,total_frames,source_path
Female 1- CBD- EB4- 4-16-21_DLC,0,923.0,88,923,Open-Field-Test\results\Female 1- CBD- EB4- 4-16-21_DLC\VAME\hmm-15
Female 1- CBD- EB4- 4-16-21_DLC,1,1895.0,144,1895,Open-Field-Test\results\Female 1- CBD- EB4- 4-16-21_DLC\VAME\hmm-15
Female 1- CBD- EB4- 4-16-21_DLC,2,3455.0,327,3455,Open-Field-Test\results\Female 1- CBD- EB4- 4-16-21_DLC\VAME\hmm-15
Female 1- CBD- EB4- 4-16-21_DLC,3,1053.0,79,1053,Open-Field-Test\results\Female 1- CBD- EB4- 4-16-21_DLC\VAME\hmm-15
Female 1- CBD- EB4- 4-16-21_DLC,4,1241.0,129,1241,Open-Field-Test\results\Female 1- CBD- EB4- 4-16-21_DLC\VAME\hmm-15
Female 1- CBD- EB4- 4-16-21_DLC,5,1539.0,168,1539,Open-Field-Test\results\Female 1- CBD- EB4- 4-16-21_DLC\VAME\hmm-15
Female 1- CBD- EB4- 4-16-21_DLC,6,0.0,0,0,Open-Field-Test\results\Female 1- CBD- EB4- 4-16-21_DLC\VAME\hmm-15
Female 1- CBD- EB4- 4-16-21_DLC,7,393.0,22,393,Open-Field-Test\results\Female 1- CBD- EB4- 4-16-21_DLC\VAME\hmm-15
Female 1- CBD- EB4- 4-16-21_DLC,8,773.0,75,773,Open-Field-Test\results\Female 1- CBD- EB4- 4-16-21_DLC\VAME\hmm-15
Female 1- CBD- EB4- 4-16-21_DLC,9,201.0,7,201,Open-Field-Test\results\Female 1- CBD- EB4- 4-16-21_DLC\VAME\hmm-15
Female 1- CBD- EB4- 4-16-21_DLC,10,1458.0,60,1458,Open-Field-Test\results\Female 1- CBD- EB4- 4-16-21_DLC\VAME\hmm-15
Female 1- CBD- EB4- 4-16-21_DLC,11,2578.0,233,2578,Open-Field-Test\results\Female 1- CBD- EB4- 4-16-21_DLC\VAME\hmm-15
Female 1- CBD- EB4- 4-16-21_DLC,12,2157.0,132,2157,Open-Field-Test\results\Female 1- CBD- EB4- 4-16-21_DLC\VAME\hmm-15
Female 1- CBD- EB4- 4-16-21_DLC,13,298.0,25,298,Open-Field-Test\results\Female 1- CBD- EB4- 4-16-21_DLC\VAME\hmm-15
Female 1- CBD- EB4- 4-16-21_DLC,14,778.0,74,778,Open-Field-Test\results\Female 1- CBD- EB4- 4-16-21_DLC\VAME\hmm-15
Female 2- CBD- EB5- 4-16-21_DLC,0,1513.0,109,1513,Open-Field-Test\results\Female 2- CBD- EB5- 4-16-21_DLC\VAME\hmm-15
Female 2- CBD- EB5- 4-16-21_DLC,1,1679.0,118,1679,Open-Field-Test\results\Female 2- CBD- EB5- 4-16-21_DLC\VAME\hmm-15
Female 2- CBD- EB5- 4-16-21_DLC,2,3082.0,319,3082,Open-Field-Test\results\Female 2- CBD- EB5- 4-16-21_DLC\VAME\hmm-15
Female 2- CBD- EB5- 4-16-21_DLC,3,2179.0,129,2179,Open-Field-Test\results\Female 2- CBD- EB5- 4-16-21_DLC\VAME\hmm-15
Female 2- CBD- EB5- 4-16-21_DLC,4,801.0,87,801,Open-Field-Test\results\Female 2- CBD- EB5- 4-16-21_DLC\VAME\hmm-15
Female 2- CBD- EB5- 4-16-21_DLC,5,2831.0,245,2831,Open-Field-Test\results\Female 2- CBD- EB5- 4-16-21_DLC\VAME\hmm-15
Female 2- CBD- EB5- 4-16-21_DLC,6,0.0,0,0,Open-Field-Test\results\Female 2- CBD- EB5- 4-16-21_DLC\VAME\hmm-15
Female 2- CBD- EB5- 4-16-21_DLC,7,429.0,19,429,Open-Field-Test\results\Female 2- CBD- EB5- 4-16-21_DLC\VAME\hmm-15
Female 2- CBD- EB5- 4-16-21_DLC,8,569.0,49,569,Open-Field-Test\results\Female 2- CBD- EB5- 4-16-21_DLC\VAME\hmm-15
Female 2- CBD- EB5- 4-16-21_DLC,9,164.0,4,164,Open-Field-Test\results\Female 2- CBD- EB5- 4-16-21_DLC\VAME\hmm-15
Female 2- CBD- EB5- 4-16-21_DLC,10,747.0,31,747,Open-Field-Test\results\Female 2- CBD- EB5- 4-16-21_DLC\VAME\hmm-15
Female 2- CBD- EB5- 4-16-21_DLC,11,2721.0,260,2721,Open-Field-Test\results\Female 2- CBD- EB5- 4-16-21_DLC\VAME\hmm-15
Female 2- CBD- EB5- 4-16-21_DLC,12,931.0,79,931,Open-Field-Test\results\Female 2- CBD- EB5- 4-16-21_DLC\VAME\hmm-15
Female 2- CBD- EB5- 4-16-21_DLC,13,557.0,37,557,Open-Field-Test\results\Female 2- CBD- EB5- 4-16-21_DLC\VAME\hmm-15
Female 2- CBD- EB5- 4-16-21_DLC,14,449.0,55,449,Open-Field-Test\results\Female 2- CBD- EB5- 4-16-21_DLC\VAME\hmm-15
Female 3- CBD- DN1-02-19-21_DLC,0,5818.0,224,5818,Open-Field-Test\results\Female 3- CBD- DN1-02-19-21_DLC\VAME\hmm-15
Female 3- CBD- DN1-02-19-21_DLC,1,0.0,0,0,Open-Field-Test\results\Female 3- CBD- DN1-02-19-21_DLC\VAME\hmm-15
Female 3- CBD- DN1-02-19-21_DLC,2,359.0,37,359,Open-Field-Test\results\Female 3- CBD- DN1-02-19-21_DLC\VAME\hmm-15
Female 3- CBD- DN1-02-19-21_DLC,3,792.0,74,792,Open-Field-Test\results\Female 3- CBD- DN1-02-19-21_DLC\VAME\hmm-15
Female 3- CBD- DN1-02-19-21_DLC,4,1563.0,109,1563,Open-Field-Test\results\Female 3- CBD- DN1-02-19-21_DLC\VAME\hmm-15
Female 3- CBD- DN1-02-19-21_DLC,5,223.0,25,223,Open-Field-Test\results\Female 3- CBD- DN1-02-19-21_DLC\VAME\hmm-15
Female 3- CBD- DN1-02-19-21_DLC,6,0.0,0,0,Open-Field-Test\results\Female 3- CBD- DN1-02-19-21_DLC\VAME\hmm-15
Female 3- CBD- DN1-02-19-21_DLC,7,484.0,12,484,Open-Field-Test\results\Female 3- CBD- DN1-02-19-21_DLC\VAME\hmm-15
Female 3- CBD- DN1-02-19-21_DLC,8,1399.0,78,1399,Open-Field-Test\results\Female 3- CBD- DN1-02-19-21_DLC\VAME\hmm-15
Female 3- CBD- DN1-02-19-21_DLC,9,705.0,26,705,Open-Field-Test\results\Female 3- CBD- DN1-02-19-21_DLC\VAME\hmm-15
Female 3- CBD- DN1-02-19-21_DLC,10,497.0,22,497,Open-Field-Test\results\Female 3- CBD- DN1-02-19-21_DLC\VAME\hmm-15
Female 3- CBD- DN1-02-19-21_DLC,11,0.0,0,0,Open-Field-Test\results\Female 3- CBD- DN1-02-19-21_DLC\VAME\hmm-15
Female 3- CBD- DN1-02-19-21_DLC,12,183.0,17,183,Open-Field-Test\results\Female 3- CBD- DN1-02-19-21_DLC\VAME\hmm-15
Female 3- CBD- DN1-02-19-21_DLC,13,4818.0,175,4818,Open-Field-Test\results\Female 3- CBD- DN1-02-19-21_DLC\VAME\hmm-15
Female 3- CBD- DN1-02-19-21_DLC,14,1977.0,91,1977,Open-Field-Test\results\Female 3- CBD- DN1-02-19-21_DLC\VAME\hmm-15
Female 4- CBD - DN2-02-19-21_DLC,0,2572.0,153,2572,Open-Field-Test\results\Female 4- CBD - DN2-02-19-21_DLC\VAME\hmm-15
Female 4- CBD - DN2-02-19-21_DLC,1,334.0,40,334,Open-Field-Test\results\Female 4- CBD - DN2-02-19-21_DLC\VAME\hmm-15
Female 4- CBD - DN2-02-19-21_DLC,2,850.0,90,850,Open-Field-Test\results\Female 4- CBD - DN2-02-19-21_DLC\VAME\hmm-15
Female 4- CBD - DN2-02-19-21_DLC,3,987.0,64,987,Open-Field-Test\results\Female 4- CBD - DN2-02-19-21_DLC\VAME\hmm-15
Female 4- CBD - DN2-02-19-21_DLC,4,2618.0,163,2618,Open-Field-Test\results\Female 4- CBD - DN2-02-19-21_DLC\VAME\hmm-15
Female 4- CBD - DN2-02-19-21_DLC,5,222.0,36,222,Open-Field-Test\results\Female 4- CBD - DN2-02-19-21_DLC\VAME\hmm-15
Female 4- CBD - DN2-02-19-21_DLC,6,0.0,0,0,Open-Field-Test\results\Female 4- CBD - DN2-02-19-21_DLC\VAME\hmm-15
Female 4- CBD - DN2-02-19-21_DLC,7,1710.0,60,1710,Open-Field-Test\results\Female 4- CBD - DN2-02-19-21_DLC\VAME\hmm-15
Female 4- CBD - DN2-02-19-21_DLC,8,1680.0,119,1680,Open-Field-Test\results\Female 4- CBD - DN2-02-19-21_DLC\VAME\hmm-15
Female 4- CBD - DN2-02-19-21_DLC,9,981.0,36,981,Open-Field-Test\results\Female 4- CBD - DN2-02-19-21_DLC\VAME\hmm-15
Female 4- CBD - DN2-02-19-21_DLC,10,1713.0,76,1713,Open-Field-Test\results\Female 4- CBD - DN2-02-19-21_DLC\VAME\hmm-15
Female 4- CBD - DN2-02-19-21_DLC,11,181.0,27,181,Open-Field-Test\results\Female 4- CBD - DN2-02-19-21_DLC\VAME\hmm-15
Female 4- CBD - DN2-02-19-21_DLC,12,750.0,56,750,Open-Field-Test\results\Female 4- CBD - DN2-02-19-21_DLC\VAME\hmm-15
Female 4- CBD - DN2-02-19-21_DLC,13,1809.0,96,1809,Open-Field-Test\results\Female 4- CBD - DN2-02-19-21_DLC\VAME\hmm-15
Female 4- CBD - DN2-02-19-21_DLC,14,2471.0,155,2471,Open-Field-Test\results\Female 4- CBD - DN2-02-19-21_DLC\VAME\hmm-15
Female 5-CBD-DN3-02-19-21_DLC,0,2756.0,187,2756,Open-Field-Test\results\Female 5-CBD-DN3-02-19-21_DLC\VAME\hmm-15
Female 5-CBD-DN3-02-19-21_DLC,1,558.0,54,558,Open-Field-Test\results\Female 5-CBD-DN3-02-19-21_DLC\VAME\hmm-15
Female 5-CBD-DN3-02-19-21_DLC,2,1972.0,192,1972,Open-Field-Test\results\Female 5-CBD-DN3-02-19-21_DLC\VAME\hmm-15
Female 5-CBD-DN3-02-19-21_DLC,3,985.0,90,985,Open-Field-Test\results\Female 5-CBD-DN3-02-19-21_DLC\VAME\hmm-15
Female 5-CBD-DN3-02-19-21_DLC,4,1721.0,142,1721,Open-Field-Test\results\Female 5-CBD-DN3-02-19-21_DLC\VAME\hmm-15
Female 5-CBD-DN3-02-19-21_DLC,5,586.0,91,586,Open-Field-Test\results\Female 5-CBD-DN3-02-19-21_DLC\VAME\hmm-15
Female 5-CBD-DN3-02-19-21_DLC,6,17.0,1,17,Open-Field-Test\results\Female 5-CBD-DN3-02-19-21_DLC\VAME\hmm-15
Female 5-CBD-DN3-02-19-21_DLC,7,1017.0,37,1017,Open-Field-Test\results\Female 5-CBD-DN3-02-19-21_DLC\VAME\hmm-15
Female 5-CBD-DN3-02-19-21_DLC,8,1454.0,113,1454,Open-Field-Test\results\Female 5-CBD-DN3-02-19-21_DLC\VAME\hmm-15
Female 5-CBD-DN3-02-19-21_DLC,9,194.0,8,194,Open-Field-Test\results\Female 5-CBD-DN3-02-19-21_DLC\VAME\hmm-15
Female 5-CBD-DN3-02-19-21_DLC,10,1822.0,70,1822,Open-Field-Test\results\Female 5-CBD-DN3-02-19-21_DLC\VAME\hmm-15
Female 5-CBD-DN3-02-19-21_DLC,11,603.0,69,603,Open-Field-Test\results\Female 5-CBD-DN3-02-19-21_DLC\VAME\hmm-15
Female 5-CBD-DN3-02-19-21_DLC,12,1039.0,76,1039,Open-Field-Test\results\Female 5-CBD-DN3-02-19-21_DLC\VAME\hmm-15
Female 5-CBD-DN3-02-19-21_DLC,13,1992.0,78,1992,Open-Field-Test\results\Female 5-CBD-DN3-02-19-21_DLC\VAME\hmm-15
Female 5-CBD-DN3-02-19-21_DLC,14,2242.0,167,2242,Open-Field-Test\results\Female 5-CBD-DN3-02-19-21_DLC\VAME\hmm-15
Female 6-CBD-DN4-02-19-21_DLC,0,2531.0,172,2531,Open-Field-Test\results\Female 6-CBD-DN4-02-19-21_DLC\VAME\hmm-15
Female 6-CBD-DN4-02-19-21_DLC,1,765.0,76,765,Open-Field-Test\results\Female 6-CBD-DN4-02-19-21_DLC\VAME\hmm-15
Female 6-CBD-DN4-02-19-21_DLC,2,2897.0,222,2897,Open-Field-Test\results\Female 6-CBD-DN4-02-19-21_DLC\VAME\hmm-15
Female 6-CBD-DN4-02-19-21_DLC,3,1230.0,91,1230,Open-Field-Test\results\Female 6-CBD-DN4-02-19-21_DLC\VAME\hmm-15
Female 6-CBD-DN4-02-19-21_DLC,4,1231.0,118,1231,Open-Field-Test\results\Female 6-CBD-DN4-02-19-21_DLC\VAME\hmm-15
Female 6-CBD-DN4-02-19-21_DLC,5,370.0,65,370,Open-Field-Test\results\Female 6-CBD-DN4-02-19-21_DLC\VAME\hmm-15
Female 6-CBD-DN4-02-19-21_DLC,6,0.0,0,0,Open-Field-Test\results\Female 6-CBD-DN4-02-19-21_DLC\VAME\hmm-15
Female 6-CBD-DN4-02-19-21_DLC,7,809.0,34,809,Open-Field-Test\results\Female 6-CBD-DN4-02-19-21_DLC\VAME\hmm-15
Female 6-CBD-DN4-02-19-21_DLC,8,1560.0,121,1560,Open-Field-Test\results\Female 6-CBD-DN4-02-19-21_DLC\VAME\hmm-15
Female 6-CBD-DN4-02-19-21_DLC,9,667.0,18,667,Open-Field-Test\results\Female 6-CBD-DN4-02-19-21_DLC\VAME\hmm-15
Female 6-CBD-DN4-02-19-21_DLC,10,1300.0,69,1300,Open-Field-Test\results\Female 6-CBD-DN4-02-19-21_DLC\VAME\hmm-15
Female 6-CBD-DN4-02-19-21_DLC,11,714.0,86,714,Open-Field-Test\results\Female 6-CBD-DN4-02-19-21_DLC\VAME\hmm-15
Female 6-CBD-DN4-02-19-21_DLC,12,1160.0,84,1160,Open-Field-Test\results\Female 6-CBD-DN4-02-19-21_DLC\VAME\hmm-15
Female 6-CBD-DN4-02-19-21_DLC,13,1705.0,75,1705,Open-Field-Test\results\Female 6-CBD-DN4-02-19-21_DLC\VAME\hmm-15
Female 6-CBD-DN4-02-19-21_DLC,14,2009.0,163,2009,Open-Field-Test\results\Female 6-CBD-DN4-02-19-21_DLC\VAME\hmm-15
Female7-CBD-DN5-02-19-21_DLC,0,2355.0,182,2355,Open-Field-Test\results\Female7-CBD-DN5-02-19-21_DLC\VAME\hmm-15
Female7-CBD-DN5-02-19-21_DLC,1,866.0,77,866,Open-Field-Test\results\Female7-CBD-DN5-02-19-21_DLC\VAME\hmm-15
Female7-CBD-DN5-02-19-21_DLC,2,2218.0,257,2218,Open-Field-Test\results\Female7-CBD-DN5-02-19-21_DLC\VAME\hmm-15
Female7-CBD-DN5-02-19-21_DLC,3,2227.0,124,2227,Open-Field-Test\results\Female7-CBD-DN5-02-19-21_DLC\VAME\hmm-15
Female7-CBD-DN5-02-19-21_DLC,4,1014.0,119,1014,Open-Field-Test\results\Female7-CBD-DN5-02-19-21_DLC\VAME\hmm-15
Female7-CBD-DN5-02-19-21_DLC,5,1471.0,183,1471,Open-Field-Test\results\Female7-CBD-DN5-02-19-21_DLC\VAME\hmm-15
Female7-CBD-DN5-02-19-21_DLC,6,18.0,1,18,Open-Field-Test\results\Female7-CBD-DN5-02-19-21_DLC\VAME\hmm-15
Female7-CBD-DN5-02-19-21_DLC,7,481.0,25,481,Open-Field-Test\results\Female7-CBD-DN5-02-19-21_DLC\VAME\hmm-15
Female7-CBD-DN5-02-19-21_DLC,8,1290.0,90,1290,Open-Field-Test\results\Female7-CBD-DN5-02-19-21_DLC\VAME\hmm-15
Female7-CBD-DN5-02-19-21_DLC,9,545.0,21,545,Open-Field-Test\results\Female7-CBD-DN5-02-19-21_DLC\VAME\hmm-15
Female7-CBD-DN5-02-19-21_DLC,10,945.0,43,945,Open-Field-Test\results\Female7-CBD-DN5-02-19-21_DLC\VAME\hmm-15
Female7-CBD-DN5-02-19-21_DLC,11,1477.0,159,1477,Open-Field-Test\results\Female7-CBD-DN5-02-19-21_DLC\VAME\hmm-15
Female7-CBD-DN5-02-19-21_DLC,12,1113.0,78,1113,Open-Field-Test\results\Female7-CBD-DN5-02-19-21_DLC\VAME\hmm-15
Female7-CBD-DN5-02-19-21_DLC,13,2320.0,86,2320,Open-Field-Test\results\Female7-CBD-DN5-02-19-21_DLC\VAME\hmm-15
Female7-CBD-DN5-02-19-21_DLC,14,539.0,59,539,Open-Field-Test\results\Female7-CBD-DN5-02-19-21_DLC\VAME\hmm-15
Female8- CBD- DN6-02-19-21_DLC,0,1814.0,100,1814,Open-Field-Test\results\Female8- CBD- DN6-02-19-21_DLC\VAME\hmm-15
Female8- CBD- DN6-02-19-21_DLC,1,453.0,43,453,Open-Field-Test\results\Female8- CBD- DN6-02-19-21_DLC\VAME\hmm-15
Female8- CBD- DN6-02-19-21_DLC,2,1504.0,146,1504,Open-Field-Test\results\Female8- CBD- DN6-02-19-21_DLC\VAME\hmm-15
Female8- CBD- DN6-02-19-21_DLC,3,745.0,45,745,Open-Field-Test\results\Female8- CBD- DN6-02-19-21_DLC\VAME\hmm-15
Female8- CBD- DN6-02-19-21_DLC,4,1567.0,107,1567,Open-Field-Test\results\Female8- CBD- DN6-02-19-21_DLC\VAME\hmm-15
Female8- CBD- DN6-02-19-21_DLC,5,395.0,62,395,Open-Field-Test\results\Female8- CBD- DN6-02-19-21_DLC\VAME\hmm-15
Female8- CBD- DN6-02-19-21_DLC,6,7.0,1,7,Open-Field-Test\results\Female8- CBD- DN6-02-19-21_DLC\VAME\hmm-15
Female8- CBD- DN6-02-19-21_DLC,7,2732.0,84,2732,Open-Field-Test\results\Female8- CBD- DN6-02-19-21_DLC\VAME\hmm-15
Female8- CBD- DN6-02-19-21_DLC,8,1756.0,117,1756,Open-Field-Test\results\Female8- CBD- DN6-02-19-21_DLC\VAME\hmm-15
Female8- CBD- DN6-02-19-21_DLC,9,954.0,42,954,Open-Field-Test\results\Female8- CBD- DN6-02-19-21_DLC\VAME\hmm-15
Female8- CBD- DN6-02-19-21_DLC,10,2351.0,94,2351,Open-Field-Test\results\Female8- CBD- DN6-02-19-21_DLC\VAME\hmm-15
Female8- CBD- DN6-02-19-21_DLC,11,491.0,78,491,Open-Field-Test\results\Female8- CBD- DN6-02-19-21_DLC\VAME\hmm-15
Female8- CBD- DN6-02-19-21_DLC,12,774.0,62,774,Open-Field-Test\results\Female8- CBD- DN6-02-19-21_DLC\VAME\hmm-15
Female8- CBD- DN6-02-19-21_DLC,13,1324.0,58,1324,Open-Field-Test\results\Female8- CBD- DN6-02-19-21_DLC\VAME\hmm-15
Female8- CBD- DN6-02-19-21_DLC,14,1649.0,120,1649,Open-Field-Test\results\Female8- CBD- DN6-02-19-21_DLC\VAME\hmm-15
Male 1-CBD-DN1-2-19-21_DLC,0,1834.0,137,1834,Open-Field-Test\results\Male 1-CBD-DN1-2-19-21_DLC\VAME\hmm-15
Male 1-CBD-DN1-2-19-21_DLC,1,938.0,74,938,Open-Field-Test\results\Male 1-CBD-DN1-2-19-21_DLC\VAME\hmm-15
Male 1-CBD-DN1-2-19-21_DLC,2,2156.0,201,2156,Open-Field-Test\results\Male 1-CBD-DN1-2-19-21_DLC\VAME\hmm-15
Male 1-CBD-DN1-2-19-21_DLC,3,2650.0,163,2650,Open-Field-Test\results\Male 1-CBD-DN1-2-19-21_DLC\VAME\hmm-15
Male 1-CBD-DN1-2-19-21_DLC,4,1524.0,102,1524,Open-Field-Test\results\Male 1-CBD-DN1-2-19-21_DLC\VAME\hmm-15
Male 1-CBD-DN1-2-19-21_DLC,5,2413.0,228,2413,Open-Field-Test\results\Male 1-CBD-DN1-2-19-21_DLC\VAME\hmm-15
Male 1-CBD-DN1-2-19-21_DLC,6,0.0,0,0,Open-Field-Test\results\Male 1-CBD-DN1-2-19-21_DLC\VAME\hmm-15
Male 1-CBD-DN1-2-19-21_DLC,7,603.0,16,603,Open-Field-Test\results\Male 1-CBD-DN1-2-19-21_DLC\VAME\hmm-15
Male 1-CBD-DN1-2-19-21_DLC,8,982.0,80,982,Open-Field-Test\results\Male 1-CBD-DN1-2-19-21_DLC\VAME\hmm-15
Male 1-CBD-DN1-2-19-21_DLC,9,47.0,6,47,Open-Field-Test\results\Male 1-CBD-DN1-2-19-21_DLC\VAME\hmm-15
Male 1-CBD-DN1-2-19-21_DLC,10,1093.0,52,1093,Open-Field-Test\results\Male 1-CBD-DN1-2-19-21_DLC\VAME\hmm-15
Male 1-CBD-DN1-2-19-21_DLC,11,1167.0,112,1167,Open-Field-Test\results\Male 1-CBD-DN1-2-19-21_DLC\VAME\hmm-15
Male 1-CBD-DN1-2-19-21_DLC,12,888.0,68,888,Open-Field-Test\results\Male 1-CBD-DN1-2-19-21_DLC\VAME\hmm-15
Male 1-CBD-DN1-2-19-21_DLC,13,1990.0,90,1990,Open-Field-Test\results\Male 1-CBD-DN1-2-19-21_DLC\VAME\hmm-15
Male 1-CBD-DN1-2-19-21_DLC,14,588.0,57,588,Open-Field-Test\results\Male 1-CBD-DN1-2-19-21_DLC\VAME\hmm-15
Male 2-CBD-DN-2-19-21_DLC,0,1590.0,149,1590,Open-Field-Test\results\Male 2-CBD-DN-2-19-21_DLC\VAME\hmm-15
Male 2-CBD-DN-2-19-21_DLC,1,945.0,93,945,Open-Field-Test\results\Male 2-CBD-DN-2-19-21_DLC\VAME\hmm-15
Male 2-CBD-DN-2-19-21_DLC,2,4198.0,382,4198,Open-Field-Test\results\Male 2-CBD-DN-2-19-21_DLC\VAME\hmm-15
Male 2-CBD-DN-2-19-21_DLC,3,1935.0,128,1935,Open-Field-Test\results\Male 2-CBD-DN-2-19-21_DLC\VAME\hmm-15
Male 2-CBD-DN-2-19-21_DLC,4,1137.0,112,1137,Open-Field-Test\results\Male 2-CBD-DN-2-19-21_DLC\VAME\hmm-15
Male 2-CBD-DN-2-19-21_DLC,5,1532.0,194,1532,Open-Field-Test\results\Male 2-CBD-DN-2-19-21_DLC\VAME\hmm-15
Male 2-CBD-DN-2-19-21_DLC,6,5.0,1,5,Open-Field-Test\results\Male 2-CBD-DN-2-19-21_DLC\VAME\hmm-15
Male 2-CBD-DN-2-19-21_DLC,7,226.0,13,226,Open-Field-Test\results\Male 2-CBD-DN-2-19-21_DLC\VAME\hmm-15
Male 2-CBD-DN-2-19-21_DLC,8,625.0,57,625,Open-Field-Test\results\Male 2-CBD-DN-2-19-21_DLC\VAME\hmm-15
Male 2-CBD-DN-2-19-21_DLC,9,337.0,11,337,Open-Field-Test\results\Male 2-CBD-DN-2-19-21_DLC\VAME\hmm-15
Male 2-CBD-DN-2-19-21_DLC,10,285.0,19,285,Open-Field-Test\results\Male 2-CBD-DN-2-19-21_DLC\VAME\hmm-15
Male 2-CBD-DN-2-19-21_DLC,11,2101.0,237,2101,Open-Field-Test\results\Male 2-CBD-DN-2-19-21_DLC\VAME\hmm-15
Male 2-CBD-DN-2-19-21_DLC,12,1222.0,91,1222,Open-Field-Test\results\Male 2-CBD-DN-2-19-21_DLC\VAME\hmm-15
Male 2-CBD-DN-2-19-21_DLC,13,2090.0,61,2090,Open-Field-Test\results\Male 2-CBD-DN-2-19-21_DLC\VAME\hmm-15
Male 2-CBD-DN-2-19-21_DLC,14,813.0,85,813,Open-Field-Test\results\Male 2-CBD-DN-2-19-21_DLC\VAME\hmm-15
Subject 1 - JS1 - CBD- OFT_DLC,0,623.0,71,623,Open-Field-Test\results\Subject 1 - JS1 - CBD- OFT_DLC\VAME\hmm-15
Subject 1 - JS1 - CBD- OFT_DLC,1,2039.0,115,2039,Open-Field-Test\results\Subject 1 - JS1 - CBD- OFT_DLC\VAME\hmm-15
Subject 1 - JS1 - CBD- OFT_DLC,2,675.0,90,675,Open-Field-Test\results\Subject 1 - JS1 - CBD- OFT_DLC\VAME\hmm-15
Subject 1 - JS1 - CBD- OFT_DLC,3,5374.0,171,5374,Open-Field-Test\results\Subject 1 - JS1 - CBD- OFT_DLC\VAME\hmm-15
Subject 1 - JS1 - CBD- OFT_DLC,4,519.0,42,519,Open-Field-Test\results\Subject 1 - JS1 - CBD- OFT_DLC\VAME\hmm-15
Subject 1 - JS1 - CBD- OFT_DLC,5,4572.0,243,4572,Open-Field-Test\results\Subject 1 - JS1 - CBD- OFT_DLC\VAME\hmm-15
Subject 1 - JS1 - CBD- OFT_DLC,6,0.0,0,0,Open-Field-Test\results\Subject 1 - JS1 - CBD- OFT_DLC\VAME\hmm-15
Subject 1 - JS1 - CBD- OFT_DLC,7,318.0,11,318,Open-Field-Test\results\Subject 1 - JS1 - CBD- OFT_DLC\VAME\hmm-15
Subject 1 - JS1 - CBD- OFT_DLC,8,604.0,55,604,Open-Field-Test\results\Subject 1 - JS1 - CBD- OFT_DLC\VAME\hmm-15
Subject 1 - JS1 - CBD- OFT_DLC,9,546.0,13,546,Open-Field-Test\results\Subject 1 - JS1 - CBD- OFT_DLC\VAME\hmm-15
Subject 1 - JS1 - CBD- OFT_DLC,10,286.0,19,286,Open-Field-Test\results\Subject 1 - JS1 - CBD- OFT_DLC\VAME\hmm-15
Subject 1 - JS1 - CBD- OFT_DLC,11,968.0,82,968,Open-Field-Test\results\Subject 1 - JS1 - CBD- OFT_DLC\VAME\hmm-15
Subject 1 - JS1 - CBD- OFT_DLC,12,1381.0,95,1381,Open-Field-Test\results\Subject 1 - JS1 - CBD- OFT_DLC\VAME\hmm-15
Subject 1 - JS1 - CBD- OFT_DLC,13,856.0,55,856,Open-Field-Test\results\Subject 1 - JS1 - CBD- OFT_DLC\VAME\hmm-15
Subject 1 - JS1 - CBD- OFT_DLC,14,87.0,17,87,Open-Field-Test\results\Subject 1 - JS1 - CBD- OFT_DLC\VAME\hmm-15
Subject 1-CBD-EB1-4-19-21_DLC,0,2702.0,149,2702,Open-Field-Test\results\Subject 1-CBD-EB1-4-19-21_DLC\VAME\hmm-15
Subject 1-CBD-EB1-4-19-21_DLC,1,47.0,8,47,Open-Field-Test\results\Subject 1-CBD-EB1-4-19-21_DLC\VAME\hmm-15
Subject 1-CBD-EB1-4-19-21_DLC,2,517.0,55,517,Open-Field-Test\results\Subject 1-CBD-EB1-4-19-21_DLC\VAME\hmm-15
Subject 1-CBD-EB1-4-19-21_DLC,3,334.0,35,334,Open-Field-Test\results\Subject 1-CBD-EB1-4-19-21_DLC\VAME\hmm-15
Subject 1-CBD-EB1-4-19-21_DLC,4,2324.0,154,2324,Open-Field-Test\results\Subject 1-CBD-EB1-4-19-21_DLC\VAME\hmm-15
Subject 1-CBD-EB1-4-19-21_DLC,5,327.0,34,327,Open-Field-Test\results\Subject 1-CBD-EB1-4-19-21_DLC\VAME\hmm-15
Subject 1-CBD-EB1-4-19-21_DLC,6,108.0,1,108,Open-Field-Test\results\Subject 1-CBD-EB1-4-19-21_DLC\VAME\hmm-15
Subject 1-CBD-EB1-4-19-21_DLC,7,776.0,26,776,Open-Field-Test\results\Subject 1-CBD-EB1-4-19-21_DLC\VAME\hmm-15
Subject 1-CBD-EB1-4-19-21_DLC,8,1256.0,123,1256,Open-Field-Test\results\Subject 1-CBD-EB1-4-19-21_DLC\VAME\hmm-15
Subject 1-CBD-EB1-4-19-21_DLC,9,280.0,15,280,Open-Field-Test\results\Subject 1-CBD-EB1-4-19-21_DLC\VAME\hmm-15
Subject 1-CBD-EB1-4-19-21_DLC,10,2265.0,74,2265,Open-Field-Test\results\Subject 1-CBD-EB1-4-19-21_DLC\VAME\hmm-15
Subject 1-CBD-EB1-4-19-21_DLC,11,29.0,7,29,Open-Field-Test\results\Subject 1-CBD-EB1-4-19-21_DLC\VAME\hmm-15
Subject 1-CBD-EB1-4-19-21_DLC,12,416.0,39,416,Open-Field-Test\results\Subject 1-CBD-EB1-4-19-21_DLC\VAME\hmm-15
Subject 1-CBD-EB1-4-19-21_DLC,13,1607.0,81,1607,Open-Field-Test\results\Subject 1-CBD-EB1-4-19-21_DLC\VAME\hmm-15
Subject 1-CBD-EB1-4-19-21_DLC,14,4441.0,191,4441,Open-Field-Test\results\Subject 1-CBD-EB1-4-19-21_DLC\VAME\hmm-15
Subject 1-P14 vehicle-EZ1-8-3-2021_DLC,0,3106.0,206,3106,Open-Field-Test\results\Subject 1-P14 vehicle-EZ1-8-3-2021_DLC\VAME\hmm-15
Subject 1-P14 vehicle-EZ1-8-3-2021_DLC,1,352.0,34,352,Open-Field-Test\results\Subject 1-P14 vehicle-EZ1-8-3-2021_DLC\VAME\hmm-15
Subject 1-P14 vehicle-EZ1-8-3-2021_DLC,2,1712.0,164,1712,Open-Field-Test\results\Subject 1-P14 vehicle-EZ1-8-3-2021_DLC\VAME\hmm-15
Subject 1-P14 vehicle-EZ1-8-3-2021_DLC,3,1050.0,99,1050,Open-Field-Test\results\Subject 1-P14 vehicle-EZ1-8-3-2021_DLC\VAME\hmm-15
Subject 1-P14 vehicle-EZ1-8-3-2021_DLC,4,1328.0,133,1328,Open-Field-Test\results\Subject 1-P14 vehicle-EZ1-8-3-2021_DLC\VAME\hmm-15
Subject 1-P14 vehicle-EZ1-8-3-2021_DLC,5,894.0,108,894,Open-Field-Test\results\Subject 1-P14 vehicle-EZ1-8-3-2021_DLC\VAME\hmm-15
Subject 1-P14 vehicle-EZ1-8-3-2021_DLC,6,79.0,1,79,Open-Field-Test\results\Subject 1-P14 vehicle-EZ1-8-3-2021_DLC\VAME\hmm-15
Subject 1-P14 vehicle-EZ1-8-3-2021_DLC,7,192.0,9,192,Open-Field-Test\results\Subject 1-P14 vehicle-EZ1-8-3-2021_DLC\VAME\hmm-15
Subject 1-P14 vehicle-EZ1-8-3-2021_DLC,8,1383.0,95,1383,Open-Field-Test\results\Subject 1-P14 vehicle-EZ1-8-3-2021_DLC\VAME\hmm-15
Subject 1-P14 vehicle-EZ1-8-3-2021_DLC,9,413.0,12,413,Open-Field-Test\results\Subject 1-P14 vehicle-EZ1-8-3-2021_DLC\VAME\hmm-15
Subject 1-P14 vehicle-EZ1-8-3-2021_DLC,10,822.0,45,822,Open-Field-Test\results\Subject 1-P14 vehicle-EZ1-8-3-2021_DLC\VAME\hmm-15
Subject 1-P14 vehicle-EZ1-8-3-2021_DLC,11,524.0,84,524,Open-Field-Test\results\Subject 1-P14 vehicle-EZ1-8-3-2021_DLC\VAME\hmm-15
Subject 1-P14 vehicle-EZ1-8-3-2021_DLC,12,759.0,51,759,Open-Field-Test\results\Subject 1-P14 vehicle-EZ1-8-3-2021_DLC\VAME\hmm-15
Subject 1-P14 vehicle-EZ1-8-3-2021_DLC,13,1974.0,91,1974,Open-Field-Test\results\Subject 1-P14 vehicle-EZ1-8-3-2021_DLC\VAME\hmm-15
Subject 1-P14 vehicle-EZ1-8-3-2021_DLC,14,4016.0,179,4016,Open-Field-Test\results\Subject 1-P14 vehicle-EZ1-8-3-2021_DLC\VAME\hmm-15
Subject 1-P28 vehicle-FV1-10-23-21_DLC,0,1894.0,106,1894,Open-Field-Test\results\Subject 1-P28 vehicle-FV1-10-23-21_DLC\VAME\hmm-15
Subject 1-P28 vehicle-FV1-10-23-21_DLC,1,1299.0,109,1299,Open-Field-Test\results\Subject 1-P28 vehicle-FV1-10-23-21_DLC\VAME\hmm-15
Subject 1-P28 vehicle-FV1-10-23-21_DLC,2,1466.0,144,1466,Open-Field-Test\results\Subject 1-P28 vehicle-FV1-10-23-21_DLC\VAME\hmm-15
Subject 1-P28 vehicle-FV1-10-23-21_DLC,3,533.0,52,533,Open-Field-Test\results\Subject 1-P28 vehicle-FV1-10-23-21_DLC\VAME\hmm-15
Subject 1-P28 vehicle-FV1-10-23-21_DLC,4,1442.0,111,1442,Open-Field-Test\results\Subject 1-P28 vehicle-FV1-10-23-21_DLC\VAME\hmm-15
Subject 1-P28 vehicle-FV1-10-23-21_DLC,5,800.0,79,800,Open-Field-Test\results\Subject 1-P28 vehicle-FV1-10-23-21_DLC\VAME\hmm-15
Subject 1-P28 vehicle-FV1-10-23-21_DLC,6,25.0,2,25,Open-Field-Test\results\Subject 1-P28 vehicle-FV1-10-23-21_DLC\VAME\hmm-15
Subject 1-P28 vehicle-FV1-10-23-21_DLC,7,843.0,32,843,Open-Field-Test\results\Subject 1-P28 vehicle-FV1-10-23-21_DLC\VAME\hmm-15
Subject 1-P28 vehicle-FV1-10-23-21_DLC,8,1087.0,85,1087,Open-Field-Test\results\Subject 1-P28 vehicle-FV1-10-23-21_DLC\VAME\hmm-15
Subject 1-P28 vehicle-FV1-10-23-21_DLC,9,734.0,24,734,Open-Field-Test\results\Subject 1-P28 vehicle-FV1-10-23-21_DLC\VAME\hmm-15
Subject 1-P28 vehicle-FV1-10-23-21_DLC,10,2067.0,80,2067,Open-Field-Test\results\Subject 1-P28 vehicle-FV1-10-23-21_DLC\VAME\hmm-15
Subject 1-P28 vehicle-FV1-10-23-21_DLC,11,1287.0,110,1287,Open-Field-Test\results\Subject 1-P28 vehicle-FV1-10-23-21_DLC\VAME\hmm-15
Subject 1-P28 vehicle-FV1-10-23-21_DLC,12,1634.0,109,1634,Open-Field-Test\results\Subject 1-P28 vehicle-FV1-10-23-21_DLC\VAME\hmm-15
Subject 1-P28 vehicle-FV1-10-23-21_DLC,13,851.0,59,851,Open-Field-Test\results\Subject 1-P28 vehicle-FV1-10-23-21_DLC\VAME\hmm-15
Subject 1-P28 vehicle-FV1-10-23-21_DLC,14,2323.0,152,2323,Open-Field-Test\results\Subject 1-P28 vehicle-FV1-10-23-21_DLC\VAME\hmm-15
Subject 2 - female GO Vehicle OFT_DLC,0,1490.0,116,1490,Open-Field-Test\results\Subject 2 - female GO Vehicle OFT_DLC\VAME\hmm-15
Subject 2 - female GO Vehicle OFT_DLC,1,1538.0,124,1538,Open-Field-Test\results\Subject 2 - female GO Vehicle OFT_DLC\VAME\hmm-15
Subject 2 - female GO Vehicle OFT_DLC,2,1883.0,239,1883,Open-Field-Test\results\Subject 2 - female GO Vehicle OFT_DLC\VAME\hmm-15
Subject 2 - female GO Vehicle OFT_DLC,3,2530.0,123,2530,Open-Field-Test\results\Subject 2 - female GO Vehicle OFT_DLC\VAME\hmm-15
Subject 2 - female GO Vehicle OFT_DLC,4,754.0,75,754,Open-Field-Test\results\Subject 2 - female GO Vehicle OFT_DLC\VAME\hmm-15
Subject 2 - female GO Vehicle OFT_DLC,5,2108.0,184,2108,Open-Field-Test\results\Subject 2 - female GO Vehicle OFT_DLC\VAME\hmm-15
Subject 2 - female GO Vehicle OFT_DLC,6,19.0,1,19,Open-Field-Test\results\Subject 2 - female GO Vehicle OFT_DLC\VAME\hmm-15
Subject 2 - female GO Vehicle OFT_DLC,7,478.0,21,478,Open-Field-Test\results\Subject 2 - female GO Vehicle OFT_DLC\VAME\hmm-15
Subject 2 - female GO Vehicle OFT_DLC,8,850.0,63,850,Open-Field-Test\results\Subject 2 - female GO Vehicle OFT_DLC\VAME\hmm-15
Subject 2 - female GO Vehicle OFT_DLC,9,277.0,14,277,Open-Field-Test\results\Subject 2 - female GO Vehicle OFT_DLC\VAME\hmm-15
Subject 2 - female GO Vehicle OFT_DLC,10,707.0,40,707,Open-Field-Test\results\Subject 2 - female GO Vehicle OFT_DLC\VAME\hmm-15
Subject 2 - female GO Vehicle OFT_DLC,11,2721.0,211,2721,Open-Field-Test\results\Subject 2 - female GO Vehicle OFT_DLC\VAME\hmm-15
Subject 2 - female GO Vehicle OFT_DLC,12,1159.0,87,1159,Open-Field-Test\results\Subject 2 - female GO Vehicle OFT_DLC\VAME\hmm-15
Subject 2 - female GO Vehicle OFT_DLC,13,1485.0,65,1485,Open-Field-Test\results\Subject 2 - female GO Vehicle OFT_DLC\VAME\hmm-15
Subject 2 - female GO Vehicle OFT_DLC,14,302.0,42,302,Open-Field-Test\results\Subject 2 - female GO Vehicle OFT_DLC\VAME\hmm-15
Subject 2 - JS2 - CBD- OFT_DLC,0,1471.0,128,1471,Open-Field-Test\results\Subject 2 - JS2 - CBD- OFT_DLC\VAME\hmm-15
Subject 2 - JS2 - CBD- OFT_DLC,1,1648.0,128,1648,Open-Field-Test\results\Subject 2 - JS2 - CBD- OFT_DLC\VAME\hmm-15
Subject 2 - JS2 - CBD- OFT_DLC,2,2220.0,203,2220,Open-Field-Test\results\Subject 2 - JS2 - CBD- OFT_DLC\VAME\hmm-15
Subject 2 - JS2 - CBD- OFT_DLC,3,1806.0,100,1806,Open-Field-Test\results\Subject 2 - JS2 - CBD- OFT_DLC\VAME\hmm-15
Subject 2 - JS2 - CBD- OFT_DLC,4,1380.0,126,1380,Open-Field-Test\results\Subject 2 - JS2 - CBD- OFT_DLC\VAME\hmm-15
Subject 2 - JS2 - CBD- OFT_DLC,5,1334.0,132,1334,Open-Field-Test\results\Subject 2 - JS2 - CBD- OFT_DLC\VAME\hmm-15
Subject 2 - JS2 - CBD- OFT_DLC,6,0.0,0,0,Open-Field-Test\results\Subject 2 - JS2 - CBD- OFT_DLC\VAME\hmm-15
Subject 2 - JS2 - CBD- OFT_DLC,7,1088.0,37,1088,Open-Field-Test\results\Subject 2 - JS2 - CBD- OFT_DLC\VAME\hmm-15
Subject 2 - JS2 - CBD- OFT_DLC,8,1288.0,87,1288,Open-Field-Test\results\Subject 2 - JS2 - CBD- OFT_DLC\VAME\hmm-15
Subject 2 - JS2 - CBD- OFT_DLC,9,189.0,7,189,Open-Field-Test\results\Subject 2 - JS2 - CBD- OFT_DLC\VAME\hmm-15
Subject 2 - JS2 - CBD- OFT_DLC,10,1016.0,43,1016,Open-Field-Test\results\Subject 2 - JS2 - CBD- OFT_DLC\VAME\hmm-15
Subject 2 - JS2 - CBD- OFT_DLC,11,1047.0,107,1047,Open-Field-Test\results\Subject 2 - JS2 - CBD- OFT_DLC\VAME\hmm-15
Subject 2 - JS2 - CBD- OFT_DLC,12,2786.0,146,2786,Open-Field-Test\results\Subject 2 - JS2 - CBD- OFT_DLC\VAME\hmm-15
Subject 2 - JS2 - CBD- OFT_DLC,13,840.0,58,840,Open-Field-Test\results\Subject 2 - JS2 - CBD- OFT_DLC\VAME\hmm-15
Subject 2 - JS2 - CBD- OFT_DLC,14,601.0,66,601,Open-Field-Test\results\Subject 2 - JS2 - CBD- OFT_DLC\VAME\hmm-15
Subject 2-CBD-EB2-4-19-21_DLC,0,1891.0,99,1891,Open-Field-Test\results\Subject 2-CBD-EB2-4-19-21_DLC\VAME\hmm-15
Subject 2-CBD-EB2-4-19-21_DLC,1,25.0,5,25,Open-Field-Test\results\Subject 2-CBD-EB2-4-19-21_DLC\VAME\hmm-15
Subject 2-CBD-EB2-4-19-21_DLC,2,318.0,36,318,Open-Field-Test\results\Subject 2-CBD-EB2-4-19-21_DLC\VAME\hmm-15
Subject 2-CBD-EB2-4-19-21_DLC,3,91.0,10,91,Open-Field-Test\results\Subject 2-CBD-EB2-4-19-21_DLC\VAME\hmm-15
Subject 2-CBD-EB2-4-19-21_DLC,4,1616.0,110,1616,Open-Field-Test\results\Subject 2-CBD-EB2-4-19-21_DLC\VAME\hmm-15
Subject 2-CBD-EB2-4-19-21_DLC,5,196.0,19,196,Open-Field-Test\results\Subject 2-CBD-EB2-4-19-21_DLC\VAME\hmm-15
Subject 2-CBD-EB2-4-19-21_DLC,6,59.0,2,59,Open-Field-Test\results\Subject 2-CBD-EB2-4-19-21_DLC\VAME\hmm-15
Subject 2-CBD-EB2-4-19-21_DLC,7,2124.0,83,2124,Open-Field-Test\results\Subject 2-CBD-EB2-4-19-21_DLC\VAME\hmm-15
Subject 2-CBD-EB2-4-19-21_DLC,8,2088.0,130,2088,Open-Field-Test\results\Subject 2-CBD-EB2-4-19-21_DLC\VAME\hmm-15
Subject 2-CBD-EB2-4-19-21_DLC,9,2431.0,58,2431,Open-Field-Test\results\Subject 2-CBD-EB2-4-19-21_DLC\VAME\hmm-15
Subject 2-CBD-EB2-4-19-21_DLC,10,2299.0,89,2299,Open-Field-Test\results\Subject 2-CBD-EB2-4-19-21_DLC\VAME\hmm-15
Subject 2-CBD-EB2-4-19-21_DLC,11,11.0,3,11,Open-Field-Test\results\Subject 2-CBD-EB2-4-19-21_DLC\VAME\hmm-15
Subject 2-CBD-EB2-4-19-21_DLC,12,327.0,25,327,Open-Field-Test\results\Subject 2-CBD-EB2-4-19-21_DLC\VAME\hmm-15
Subject 2-CBD-EB2-4-19-21_DLC,13,1376.0,48,1376,Open-Field-Test\results\Subject 2-CBD-EB2-4-19-21_DLC\VAME\hmm-15
Subject 2-CBD-EB2-4-19-21_DLC,14,3373.0,127,3373,Open-Field-Test\results\Subject 2-CBD-EB2-4-19-21_DLC\VAME\hmm-15
Subject 2-P14 vehicle-EZ2-8-3-2021_DLC,0,3100.0,160,3100,Open-Field-Test\results\Subject 2-P14 vehicle-EZ2-8-3-2021_DLC\VAME\hmm-15
Subject 2-P14 vehicle-EZ2-8-3-2021_DLC,1,257.0,32,257,Open-Field-Test\results\Subject 2-P14 vehicle-EZ2-8-3-2021_DLC\VAME\hmm-15
Subject 2-P14 vehicle-EZ2-8-3-2021_DLC,2,1372.0,112,1372,Open-Field-Test\results\Subject 2-P14 vehicle-EZ2-8-3-2021_DLC\VAME\hmm-15
Subject 2-P14 vehicle-EZ2-8-3-2021_DLC,3,421.0,47,421,Open-Field-Test\results\Subject 2-P14 vehicle-EZ2-8-3-2021_DLC\VAME\hmm-15
Subject 2-P14 vehicle-EZ2-8-3-2021_DLC,4,1282.0,111,1282,Open-Field-Test\results\Subject 2-P14 vehicle-EZ2-8-3-2021_DLC\VAME\hmm-15
Subject 2-P14 vehicle-EZ2-8-3-2021_DLC,5,155.0,22,155,Open-Field-Test\results\Subject 2-P14 vehicle-EZ2-8-3-2021_DLC\VAME\hmm-15
Subject 2-P14 vehicle-EZ2-8-3-2021_DLC,6,62.0,2,62,Open-Field-Test\results\Subject 2-P14 vehicle-EZ2-8-3-2021_DLC\VAME\hmm-15
Subject 2-P14 vehicle-EZ2-8-3-2021_DLC,7,1141.0,34,1141,Open-Field-Test\results\Subject 2-P14 vehicle-EZ2-8-3-2021_DLC\VAME\hmm-15
Subject 2-P14 vehicle-EZ2-8-3-2021_DLC,8,1219.0,86,1219,Open-Field-Test\results\Subject 2-P14 vehicle-EZ2-8-3-2021_DLC\VAME\hmm-15
Subject 2-P14 vehicle-EZ2-8-3-2021_DLC,9,986.0,26,986,Open-Field-Test\results\Subject 2-P14 vehicle-EZ2-8-3-2021_DLC\VAME\hmm-15
Subject 2-P14 vehicle-EZ2-8-3-2021_DLC,10,1045.0,53,1045,Open-Field-Test\results\Subject 2-P14 vehicle-EZ2-8-3-2021_DLC\VAME\hmm-15
Subject 2-P14 vehicle-EZ2-8-3-2021_DLC,11,190.0,35,190,Open-Field-Test\results\Subject 2-P14 vehicle-EZ2-8-3-2021_DLC\VAME\hmm-15
Subject 2-P14 vehicle-EZ2-8-3-2021_DLC,12,713.0,57,713,Open-Field-Test\results\Subject 2-P14 vehicle-EZ2-8-3-2021_DLC\VAME\hmm-15
Subject 2-P14 vehicle-EZ2-8-3-2021_DLC,13,2896.0,90,2896,Open-Field-Test\results\Subject 2-P14 vehicle-EZ2-8-3-2021_DLC\VAME\hmm-15
Subject 2-P14 vehicle-EZ2-8-3-2021_DLC,14,3427.0,173,3427,Open-Field-Test\results\Subject 2-P14 vehicle-EZ2-8-3-2021_DLC\VAME\hmm-15
Subject 2-P28 vehicle-FV2-10-23-21_DLC,0,940.0,70,940,Open-Field-Test\results\Subject 2-P28 vehicle-FV2-10-23-21_DLC\VAME\hmm-15
Subject 2-P28 vehicle-FV2-10-23-21_DLC,1,1369.0,100,1369,Open-Field-Test\results\Subject 2-P28 vehicle-FV2-10-23-21_DLC\VAME\hmm-15
Subject 2-P28 vehicle-FV2-10-23-21_DLC,2,1729.0,187,1729,Open-Field-Test\results\Subject 2-P28 vehicle-FV2-10-23-21_DLC\VAME\hmm-15
Subject 2-P28 vehicle-FV2-10-23-21_DLC,3,837.0,52,837,Open-Field-Test\results\Subject 2-P28 vehicle-FV2-10-23-21_DLC\VAME\hmm-15
Subject 2-P28 vehicle-FV2-10-23-21_DLC,4,1277.0,96,1277,Open-Field-Test\results\Subject 2-P28 vehicle-FV2-10-23-21_DLC\VAME\hmm-15
Subject 2-P28 vehicle-FV2-10-23-21_DLC,5,1813.0,127,1813,Open-Field-Test\results\Subject 2-P28 vehicle-FV2-10-23-21_DLC\VAME\hmm-15
Subject 2-P28 vehicle-FV2-10-23-21_DLC,6,180.0,7,180,Open-Field-Test\results\Subject 2-P28 vehicle-FV2-10-23-21_DLC\VAME\hmm-15
Subject 2-P28 vehicle-FV2-10-23-21_DLC,7,1207.0,37,1207,Open-Field-Test\results\Subject 2-P28 vehicle-FV2-10-23-21_DLC\VAME\hmm-15
Subject 2-P28 vehicle-FV2-10-23-21_DLC,8,994.0,91,994,Open-Field-Test\results\Subject 2-P28 vehicle-FV2-10-23-21_DLC\VAME\hmm-15
Subject 2-P28 vehicle-FV2-10-23-21_DLC,9,1062.0,19,1062,Open-Field-Test\results\Subject 2-P28 vehicle-FV2-10-23-21_DLC\VAME\hmm-15
Subject 2-P28 vehicle-FV2-10-23-21_DLC,10,2743.0,83,2743,Open-Field-Test\results\Subject 2-P28 vehicle-FV2-10-23-21_DLC\VAME\hmm-15
Subject 2-P28 vehicle-FV2-10-23-21_DLC,11,1456.0,125,1456,Open-Field-Test\results\Subject 2-P28 vehicle-FV2-10-23-21_DLC\VAME\hmm-15
Subject 2-P28 vehicle-FV2-10-23-21_DLC,12,1328.0,92,1328,Open-Field-Test\results\Subject 2-P28 vehicle-FV2-10-23-21_DLC\VAME\hmm-15
Subject 2-P28 vehicle-FV2-10-23-21_DLC,13,435.0,27,435,Open-Field-Test\results\Subject 2-P28 vehicle-FV2-10-23-21_DLC\VAME\hmm-15
Subject 2-P28 vehicle-FV2-10-23-21_DLC,14,1558.0,108,1558,Open-Field-Test\results\Subject 2-P28 vehicle-FV2-10-23-21_DLC\VAME\hmm-15
Subject 3 - female GO - Vehicle OFT_DLC,0,1118.0,108,1118,Open-Field-Test\results\Subject 3 - female GO - Vehicle OFT_DLC\VAME\hmm-15
Subject 3 - female GO - Vehicle OFT_DLC,1,2197.0,168,2197,Open-Field-Test\results\Subject 3 - female GO - Vehicle OFT_DLC\VAME\hmm-15
Subject 3 - female GO - Vehicle OFT_DLC,2,1744.0,227,1744,Open-Field-Test\results\Subject 3 - female GO - Vehicle OFT_DLC\VAME\hmm-15
Subject 3 - female GO - Vehicle OFT_DLC,3,1931.0,125,1931,Open-Field-Test\results\Subject 3 - female GO - Vehicle OFT_DLC\VAME\hmm-15
Subject 3 - female GO - Vehicle OFT_DLC,4,443.0,58,443,Open-Field-Test\results\Subject 3 - female GO - Vehicle OFT_DLC\VAME\hmm-15
Subject 3 - female GO - Vehicle OFT_DLC,5,3710.0,259,3710,Open-Field-Test\results\Subject 3 - female GO - Vehicle OFT_DLC\VAME\hmm-15
Subject 3 - female GO - Vehicle OFT_DLC,6,75.0,1,75,Open-Field-Test\results\Subject 3 - female GO - Vehicle OFT_DLC\VAME\hmm-15
Subject 3 - female GO - Vehicle OFT_DLC,7,810.0,37,810,Open-Field-Test\results\Subject 3 - female GO - Vehicle OFT_DLC\VAME\hmm-15
Subject 3 - female GO - Vehicle OFT_DLC,8,609.0,56,609,Open-Field-Test\results\Subject 3 - female GO - Vehicle OFT_DLC\VAME\hmm-15
Subject 3 - female GO - Vehicle OFT_DLC,9,78.0,5,78,Open-Field-Test\results\Subject 3 - female GO - Vehicle OFT_DLC\VAME\hmm-15
Subject 3 - female GO - Vehicle OFT_DLC,10,1333.0,69,1333,Open-Field-Test\results\Subject 3 - female GO - Vehicle OFT_DLC\VAME\hmm-15
Subject 3 - female GO - Vehicle OFT_DLC,11,2623.0,235,2623,Open-Field-Test\results\Subject 3 - female GO - Vehicle OFT_DLC\VAME\hmm-15
Subject 3 - female GO - Vehicle OFT_DLC,12,2399.0,160,2399,Open-Field-Test\results\Subject 3 - female GO - Vehicle OFT_DLC\VAME\hmm-15
Subject 3 - female GO - Vehicle OFT_DLC,13,619.0,26,619,Open-Field-Test\results\Subject 3 - female GO - Vehicle OFT_DLC\VAME\hmm-15
Subject 3 - female GO - Vehicle OFT_DLC,14,240.0,33,240,Open-Field-Test\results\Subject 3 - female GO - Vehicle OFT_DLC\VAME\hmm-15
Subject 3 - JS3 - CBD - OFT_DLC,0,1998.0,154,1998,Open-Field-Test\results\Subject 3 - JS3 - CBD - OFT_DLC\VAME\hmm-15
Subject 3 - JS3 - CBD - OFT_DLC,1,2302.0,140,2302,Open-Field-Test\results\Subject 3 - JS3 - CBD - OFT_DLC\VAME\hmm-15
Subject 3 - JS3 - CBD - OFT_DLC,2,2262.0,254,2262,Open-Field-Test\results\Subject 3 - JS3 - CBD - OFT_DLC\VAME\hmm-15
Subject 3 - JS3 - CBD - OFT_DLC,3,1987.0,140,1987,Open-Field-Test\results\Subject 3 - JS3 - CBD - OFT_DLC\VAME\hmm-15
Subject 3 - JS3 - CBD - OFT_DLC,4,700.0,85,700,Open-Field-Test\results\Subject 3 - JS3 - CBD - OFT_DLC\VAME\hmm-15
Subject 3 - JS3 - CBD - OFT_DLC,5,3304.0,267,3304,Open-Field-Test\results\Subject 3 - JS3 - CBD - OFT_DLC\VAME\hmm-15
Subject 3 - JS3 - CBD - OFT_DLC,6,0.0,0,0,Open-Field-Test\results\Subject 3 - JS3 - CBD - OFT_DLC\VAME\hmm-15
Subject 3 - JS3 - CBD - OFT_DLC,7,427.0,18,427,Open-Field-Test\results\Subject 3 - JS3 - CBD - OFT_DLC\VAME\hmm-15
Subject 3 - JS3 - CBD - OFT_DLC,8,679.0,64,679,Open-Field-Test\results\Subject 3 - JS3 - CBD - OFT_DLC\VAME\hmm-15
Subject 3 - JS3 - CBD - OFT_DLC,9,165.0,7,165,Open-Field-Test\results\Subject 3 - JS3 - CBD - OFT_DLC\VAME\hmm-15
Subject 3 - JS3 - CBD - OFT_DLC,10,161.0,15,161,Open-Field-Test\results\Subject 3 - JS3 - CBD - OFT_DLC\VAME\hmm-15
Subject 3 - JS3 - CBD - OFT_DLC,11,1898.0,193,1898,Open-Field-Test\results\Subject 3 - JS3 - CBD - OFT_DLC\VAME\hmm-15
Subject 3 - JS3 - CBD - OFT_DLC,12,1971.0,139,1971,Open-Field-Test\results\Subject 3 - JS3 - CBD - OFT_DLC\VAME\hmm-15
Subject 3 - JS3 - CBD - OFT_DLC,13,1222.0,70,1222,Open-Field-Test\results\Subject 3 - JS3 - CBD - OFT_DLC\VAME\hmm-15
Subject 3 - JS3 - CBD - OFT_DLC,14,111.0,14,111,Open-Field-Test\results\Subject 3 - JS3 - CBD - OFT_DLC\VAME\hmm-15
Subject 3-CBD-EB3-4-19-21_DLC,0,866.0,74,866,Open-Field-Test\results\Subject 3-CBD-EB3-4-19-21_DLC\VAME\hmm-15
Subject 3-CBD-EB3-4-19-21_DLC,1,848.0,64,848,Open-Field-Test\results\Subject 3-CBD-EB3-4-19-21_DLC\VAME\hmm-15
Subject 3-CBD-EB3-4-19-21_DLC,2,918.0,139,918,Open-Field-Test\results\Subject 3-CBD-EB3-4-19-21_DLC\VAME\hmm-15
Subject 3-CBD-EB3-4-19-21_DLC,3,1002.0,72,1002,Open-Field-Test\results\Subject 3-CBD-EB3-4-19-21_DLC\VAME\hmm-15
Subject 3-CBD-EB3-4-19-21_DLC,4,1699.0,122,1699,Open-Field-Test\results\Subject 3-CBD-EB3-4-19-21_DLC\VAME\hmm-15
Subject 3-CBD-EB3-4-19-21_DLC,5,733.0,98,733,Open-Field-Test\results\Subject 3-CBD-EB3-4-19-21_DLC\VAME\hmm-15
Subject 3-CBD-EB3-4-19-21_DLC,6,45.0,2,45,Open-Field-Test\results\Subject 3-CBD-EB3-4-19-21_DLC\VAME\hmm-15
Subject 3-CBD-EB3-4-19-21_DLC,7,1894.0,54,1894,Open-Field-Test\results\Subject 3-CBD-EB3-4-19-21_DLC\VAME\hmm-15
Subject 3-CBD-EB3-4-19-21_DLC,8,1253.0,81,1253,Open-Field-Test\results\Subject 3-CBD-EB3-4-19-21_DLC\VAME\hmm-15
Subject 3-CBD-EB3-4-19-21_DLC,9,2984.0,39,2984,Open-Field-Test\results\Subject 3-CBD-EB3-4-19-21_DLC\VAME\hmm-15
Subject 3-CBD-EB3-4-19-21_DLC,10,1976.0,70,1976,Open-Field-Test\results\Subject 3-CBD-EB3-4-19-21_DLC\VAME\hmm-15
Subject 3-CBD-EB3-4-19-21_DLC,11,689.0,83,689,Open-Field-Test\results\Subject 3-CBD-EB3-4-19-21_DLC\VAME\hmm-15
Subject 3-CBD-EB3-4-19-21_DLC,12,757.0,58,757,Open-Field-Test\results\Subject 3-CBD-EB3-4-19-21_DLC\VAME\hmm-15
Subject 3-CBD-EB3-4-19-21_DLC,13,1498.0,64,1498,Open-Field-Test\results\Subject 3-CBD-EB3-4-19-21_DLC\VAME\hmm-15
Subject 3-CBD-EB3-4-19-21_DLC,14,1187.0,68,1187,Open-Field-Test\results\Subject 3-CBD-EB3-4-19-21_DLC\VAME\hmm-15
Subject 3-P14 vehicle-EZ3-8-3-2021_DLC,0,2576.0,156,2576,Open-Field-Test\results\Subject 3-P14 vehicle-EZ3-8-3-2021_DLC\VAME\hmm-15
Subject 3-P14 vehicle-EZ3-8-3-2021_DLC,1,248.0,34,248,Open-Field-Test\results\Subject 3-P14 vehicle-EZ3-8-3-2021_DLC\VAME\hmm-15
Subject 3-P14 vehicle-EZ3-8-3-2021_DLC,2,1463.0,156,1463,Open-Field-Test\results\Subject 3-P14 vehicle-EZ3-8-3-2021_DLC\VAME\hmm-15
Subject 3-P14 vehicle-EZ3-8-3-2021_DLC,3,686.0,61,686,Open-Field-Test\results\Subject 3-P14 vehicle-EZ3-8-3-2021_DLC\VAME\hmm-15
Subject 3-P14 vehicle-EZ3-8-3-2021_DLC,4,1661.0,125,1661,Open-Field-Test\results\Subject 3-P14 vehicle-EZ3-8-3-2021_DLC\VAME\hmm-15
Subject 3-P14 vehicle-EZ3-8-3-2021_DLC,5,416.0,67,416,Open-Field-Test\results\Subject 3-P14 vehicle-EZ3-8-3-2021_DLC\VAME\hmm-15
Subject 3-P14 vehicle-EZ3-8-3-2021_DLC,6,42.0,1,42,Open-Field-Test\results\Subject 3-P14 vehicle-EZ3-8-3-2021_DLC\VAME\hmm-15
Subject 3-P14 vehicle-EZ3-8-3-2021_DLC,7,1602.0,43,1602,Open-Field-Test\results\Subject 3-P14 vehicle-EZ3-8-3-2021_DLC\VAME\hmm-15
Subject 3-P14 vehicle-EZ3-8-3-2021_DLC,8,1638.0,116,1638,Open-Field-Test\results\Subject 3-P14 vehicle-EZ3-8-3-2021_DLC\VAME\hmm-15
Subject 3-P14 vehicle-EZ3-8-3-2021_DLC,9,1084.0,31,1084,Open-Field-Test\results\Subject 3-P14 vehicle-EZ3-8-3-2021_DLC\VAME\hmm-15
Subject 3-P14 vehicle-EZ3-8-3-2021_DLC,10,1224.0,64,1224,Open-Field-Test\results\Subject 3-P14 vehicle-EZ3-8-3-2021_DLC\VAME\hmm-15
Subject 3-P14 vehicle-EZ3-8-3-2021_DLC,11,279.0,41,279,Open-Field-Test\results\Subject 3-P14 vehicle-EZ3-8-3-2021_DLC\VAME\hmm-15
Subject 3-P14 vehicle-EZ3-8-3-2021_DLC,12,845.0,57,845,Open-Field-Test\results\Subject 3-P14 vehicle-EZ3-8-3-2021_DLC\VAME\hmm-15
Subject 3-P14 vehicle-EZ3-8-3-2021_DLC,13,1864.0,69,1864,Open-Field-Test\results\Subject 3-P14 vehicle-EZ3-8-3-2021_DLC\VAME\hmm-15
Subject 3-P14 vehicle-EZ3-8-3-2021_DLC,14,2805.0,145,2805,Open-Field-Test\results\Subject 3-P14 vehicle-EZ3-8-3-2021_DLC\VAME\hmm-15
Subject 3-P28 vehicle-FV3-10-23-21_DLC,0,1709.0,124,1709,Open-Field-Test\results\Subject 3-P28 vehicle-FV3-10-23-21_DLC\VAME\hmm-15
Subject 3-P28 vehicle-FV3-10-23-21_DLC,1,1272.0,93,1272,Open-Field-Test\results\Subject 3-P28 vehicle-FV3-10-23-21_DLC\VAME\hmm-15
Subject 3-P28 vehicle-FV3-10-23-21_DLC,2,2272.0,233,2272,Open-Field-Test\results\Subject 3-P28 vehicle-FV3-10-23-21_DLC\VAME\hmm-15
Subject 3-P28 vehicle-FV3-10-23-21_DLC,3,1233.0,83,1233,Open-Field-Test\results\Subject 3-P28 vehicle-FV3-10-23-21_DLC\VAME\hmm-15
Subject 3-P28 vehicle-FV3-10-23-21_DLC,4,1136.0,96,1136,Open-Field-Test\results\Subject 3-P28 vehicle-FV3-10-23-21_DLC\VAME\hmm-15
Subject 3-P28 vehicle-FV3-10-23-21_DLC,5,1016.0,100,1016,Open-Field-Test\results\Subject 3-P28 vehicle-FV3-10-23-21_DLC\VAME\hmm-15
Subject 3-P28 vehicle-FV3-10-23-21_DLC,6,22.0,2,22,Open-Field-Test\results\Subject 3-P28 vehicle-FV3-10-23-21_DLC\VAME\hmm-15
Subject 3-P28 vehicle-FV3-10-23-21_DLC,7,553.0,22,553,Open-Field-Test\results\Subject 3-P28 vehicle-FV3-10-23-21_DLC\VAME\hmm-15
Subject 3-P28 vehicle-FV3-10-23-21_DLC,8,944.0,65,944,Open-Field-Test\results\Subject 3-P28 vehicle-FV3-10-23-21_DLC\VAME\hmm-15
Subject 3-P28 vehicle-FV3-10-23-21_DLC,9,498.0,13,498,Open-Field-Test\results\Subject 3-P28 vehicle-FV3-10-23-21_DLC\VAME\hmm-15
Subject 3-P28 vehicle-FV3-10-23-21_DLC,10,1860.0,67,1860,Open-Field-Test\results\Subject 3-P28 vehicle-FV3-10-23-21_DLC\VAME\hmm-15
Subject 3-P28 vehicle-FV3-10-23-21_DLC,11,1804.0,164,1804,Open-Field-Test\results\Subject 3-P28 vehicle-FV3-10-23-21_DLC\VAME\hmm-15
Subject 3-P28 vehicle-FV3-10-23-21_DLC,12,1247.0,88,1247,Open-Field-Test\results\Subject 3-P28 vehicle-FV3-10-23-21_DLC\VAME\hmm-15
Subject 3-P28 vehicle-FV3-10-23-21_DLC,13,937.0,65,937,Open-Field-Test\results\Subject 3-P28 vehicle-FV3-10-23-21_DLC\VAME\hmm-15
Subject 3-P28 vehicle-FV3-10-23-21_DLC,14,1851.0,116,1851,Open-Field-Test\results\Subject 3-P28 vehicle-FV3-10-23-21_DLC\VAME\hmm-15
Subject 4 - female GO - Vehicle OFT_DLC,0,1228.0,110,1228,Open-Field-Test\results\Subject 4 - female GO - Vehicle OFT_DLC\VAME\hmm-15
Subject 4 - female GO - Vehicle OFT_DLC,1,1411.0,109,1411,Open-Field-Test\results\Subject 4 - female GO - Vehicle OFT_DLC\VAME\hmm-15
Subject 4 - female GO - Vehicle OFT_DLC,2,1977.0,210,1977,Open-Field-Test\results\Subject 4 - female GO - Vehicle OFT_DLC\VAME\hmm-15
Subject 4 - female GO - Vehicle OFT_DLC,3,3013.0,160,3013,Open-Field-Test\results\Subject 4 - female GO - Vehicle OFT_DLC\VAME\hmm-15
Subject 4 - female GO - Vehicle OFT_DLC,4,965.0,89,965,Open-Field-Test\results\Subject 4 - female GO - Vehicle OFT_DLC\VAME\hmm-15
Subject 4 - female GO - Vehicle OFT_DLC,5,2985.0,226,2985,Open-Field-Test\results\Subject 4 - female GO - Vehicle OFT_DLC\VAME\hmm-15
Subject 4 - female GO - Vehicle OFT_DLC,6,60.0,2,60,Open-Field-Test\results\Subject 4 - female GO - Vehicle OFT_DLC\VAME\hmm-15
Subject 4 - female GO - Vehicle OFT_DLC,7,777.0,20,777,Open-Field-Test\results\Subject 4 - female GO - Vehicle OFT_DLC\VAME\hmm-15
Subject 4 - female GO - Vehicle OFT_DLC,8,986.0,84,986,Open-Field-Test\results\Subject 4 - female GO - Vehicle OFT_DLC\VAME\hmm-15
Subject 4 - female GO - Vehicle OFT_DLC,9,334.0,10,334,Open-Field-Test\results\Subject 4 - female GO - Vehicle OFT_DLC\VAME\hmm-15
Subject 4 - female GO - Vehicle OFT_DLC,10,675.0,33,675,Open-Field-Test\results\Subject 4 - female GO - Vehicle OFT_DLC\VAME\hmm-15
Subject 4 - female GO - Vehicle OFT_DLC,11,2733.0,201,2733,Open-Field-Test\results\Subject 4 - female GO - Vehicle OFT_DLC\VAME\hmm-15
Subject 4 - female GO - Vehicle OFT_DLC,12,1508.0,104,1508,Open-Field-Test\results\Subject 4 - female GO - Vehicle OFT_DLC\VAME\hmm-15
Subject 4 - female GO - Vehicle OFT_DLC,13,1619.0,75,1619,Open-Field-Test\results\Subject 4 - female GO - Vehicle OFT_DLC\VAME\hmm-15
Subject 4 - female GO - Vehicle OFT_DLC,14,245.0,28,245,Open-Field-Test\results\Subject 4 - female GO - Vehicle OFT_DLC\VAME\hmm-15
Subject 4 - JS4 - CBD - OFT_DLC,0,1074.0,101,1074,Open-Field-Test\results\Subject 4 - JS4 - CBD - OFT_DLC\VAME\hmm-15
Subject 4 - JS4 - CBD - OFT_DLC,1,2092.0,152,2092,Open-Field-Test\results\Subject 4 - JS4 - CBD - OFT_DLC\VAME\hmm-15
Subject 4 - JS4 - CBD - OFT_DLC,2,1582.0,182,1582,Open-Field-Test\results\Subject 4 - JS4 - CBD - OFT_DLC\VAME\hmm-15
Subject 4 - JS4 - CBD - OFT_DLC,3,1964.0,90,1964,Open-Field-Test\results\Subject 4 - JS4 - CBD - OFT_DLC\VAME\hmm-15
Subject 4 - JS4 - CBD - OFT_DLC,4,617.0,76,617,Open-Field-Test\results\Subject 4 - JS4 - CBD - OFT_DLC\VAME\hmm-15
Subject 4 - JS4 - CBD - OFT_DLC,5,2494.0,189,2494,Open-Field-Test\results\Subject 4 - JS4 - CBD - OFT_DLC\VAME\hmm-15
Subject 4 - JS4 - CBD - OFT_DLC,6,0.0,0,0,Open-Field-Test\results\Subject 4 - JS4 - CBD - OFT_DLC\VAME\hmm-15
Subject 4 - JS4 - CBD - OFT_DLC,7,2830.0,58,2830,Open-Field-Test\results\Subject 4 - JS4 - CBD - OFT_DLC\VAME\hmm-15
Subject 4 - JS4 - CBD - OFT_DLC,8,906.0,86,906,Open-Field-Test\results\Subject 4 - JS4 - CBD - OFT_DLC\VAME\hmm-15
Subject 4 - JS4 - CBD - OFT_DLC,9,295.0,14,295,Open-Field-Test\results\Subject 4 - JS4 - CBD - OFT_DLC\VAME\hmm-15
Subject 4 - JS4 - CBD - OFT_DLC,10,394.0,25,394,Open-Field-Test\results\Subject 4 - JS4 - CBD - OFT_DLC\VAME\hmm-15
Subject 4 - JS4 - CBD - OFT_DLC,11,1657.0,152,1657,Open-Field-Test\results\Subject 4 - JS4 - CBD - OFT_DLC\VAME\hmm-15
Subject 4 - JS4 - CBD - OFT_DLC,12,1875.0,125,1875,Open-Field-Test\results\Subject 4 - JS4 - CBD - OFT_DLC\VAME\hmm-15
Subject 4 - JS4 - CBD - OFT_DLC,13,733.0,46,733,Open-Field-Test\results\Subject 4 - JS4 - CBD - OFT_DLC\VAME\hmm-15
Subject 4 - JS4 - CBD - OFT_DLC,14,139.0,23,139,Open-Field-Test\results\Subject 4 - JS4 - CBD - OFT_DLC\VAME\hmm-15
Subject 4-P14 vehicle-EZ4-8-3-2021_DLC,0,2413.0,137,2413,Open-Field-Test\results\Subject 4-P14 vehicle-EZ4-8-3-2021_DLC\VAME\hmm-15
Subject 4-P14 vehicle-EZ4-8-3-2021_DLC,1,717.0,66,717,Open-Field-Test\results\Subject 4-P14 vehicle-EZ4-8-3-2021_DLC\VAME\hmm-15
Subject 4-P14 vehicle-EZ4-8-3-2021_DLC,2,1583.0,136,1583,Open-Field-Test\results\Subject 4-P14 vehicle-EZ4-8-3-2021_DLC\VAME\hmm-15
Subject 4-P14 vehicle-EZ4-8-3-2021_DLC,3,251.0,27,251,Open-Field-Test\results\Subject 4-P14 vehicle-EZ4-8-3-2021_DLC\VAME\hmm-15
Subject 4-P14 vehicle-EZ4-8-3-2021_DLC,4,1061.0,102,1061,Open-Field-Test\results\Subject 4-P14 vehicle-EZ4-8-3-2021_DLC\VAME\hmm-15
Subject 4-P14 vehicle-EZ4-8-3-2021_DLC,5,125.0,28,125,Open-Field-Test\results\Subject 4-P14 vehicle-EZ4-8-3-2021_DLC\VAME\hmm-15
Subject 4-P14 vehicle-EZ4-8-3-2021_DLC,6,38.0,2,38,Open-Field-Test\results\Subject 4-P14 vehicle-EZ4-8-3-2021_DLC\VAME\hmm-15
Subject 4-P14 vehicle-EZ4-8-3-2021_DLC,7,1724.0,61,1724,Open-Field-Test\results\Subject 4-P14 vehicle-EZ4-8-3-2021_DLC\VAME\hmm-15
Subject 4-P14 vehicle-EZ4-8-3-2021_DLC,8,1889.0,142,1889,Open-Field-Test\results\Subject 4-P14 vehicle-EZ4-8-3-2021_DLC\VAME\hmm-15
Subject 4-P14 vehicle-EZ4-8-3-2021_DLC,9,714.0,20,714,Open-Field-Test\results\Subject 4-P14 vehicle-EZ4-8-3-2021_DLC\VAME\hmm-15
Subject 4-P14 vehicle-EZ4-8-3-2021_DLC,10,2153.0,117,2153,Open-Field-Test\results\Subject 4-P14 vehicle-EZ4-8-3-2021_DLC\VAME\hmm-15
Subject 4-P14 vehicle-EZ4-8-3-2021_DLC,11,182.0,35,182,Open-Field-Test\results\Subject 4-P14 vehicle-EZ4-8-3-2021_DLC\VAME\hmm-15
Subject 4-P14 vehicle-EZ4-8-3-2021_DLC,12,1416.0,109,1416,Open-Field-Test\results\Subject 4-P14 vehicle-EZ4-8-3-2021_DLC\VAME\hmm-15
Subject 4-P14 vehicle-EZ4-8-3-2021_DLC,13,1064.0,45,1064,Open-Field-Test\results\Subject 4-P14 vehicle-EZ4-8-3-2021_DLC\VAME\hmm-15
Subject 4-P14 vehicle-EZ4-8-3-2021_DLC,14,3259.0,186,3259,Open-Field-Test\results\Subject 4-P14 vehicle-EZ4-8-3-2021_DLC\VAME\hmm-15
Subject 4-P28 vehicle-FV4-10-23-21_DLC,0,1693.0,105,1693,Open-Field-Test\results\Subject 4-P28 vehicle-FV4-10-23-21_DLC\VAME\hmm-15
Subject 4-P28 vehicle-FV4-10-23-21_DLC,1,1143.0,78,1143,Open-Field-Test\results\Subject 4-P28 vehicle-FV4-10-23-21_DLC\VAME\hmm-15
Subject 4-P28 vehicle-FV4-10-23-21_DLC,2,1025.0,146,1025,Open-Field-Test\results\Subject 4-P28 vehicle-FV4-10-23-21_DLC\VAME\hmm-15
Subject 4-P28 vehicle-FV4-10-23-21_DLC,3,1681.0,116,1681,Open-Field-Test\results\Subject 4-P28 vehicle-FV4-10-23-21_DLC\VAME\hmm-15
Subject 4-P28 vehicle-FV4-10-23-21_DLC,4,742.0,72,742,Open-Field-Test\results\Subject 4-P28 vehicle-FV4-10-23-21_DLC\VAME\hmm-15
Subject 4-P28 vehicle-FV4-10-23-21_DLC,5,2852.0,206,2852,Open-Field-Test\results\Subject 4-P28 vehicle-FV4-10-23-21_DLC\VAME\hmm-15
Subject 4-P28 vehicle-FV4-10-23-21_DLC,6,59.0,1,59,Open-Field-Test\results\Subject 4-P28 vehicle-FV4-10-23-21_DLC\VAME\hmm-15
Subject 4-P28 vehicle-FV4-10-23-21_DLC,7,1158.0,37,1158,Open-Field-Test\results\Subject 4-P28 vehicle-FV4-10-23-21_DLC\VAME\hmm-15
Subject 4-P28 vehicle-FV4-10-23-21_DLC,8,1304.0,109,1304,Open-Field-Test\results\Subject 4-P28 vehicle-FV4-10-23-21_DLC\VAME\hmm-15
Subject 4-P28 vehicle-FV4-10-23-21_DLC,9,346.0,16,346,Open-Field-Test\results\Subject 4-P28 vehicle-FV4-10-23-21_DLC\VAME\hmm-15
Subject 4-P28 vehicle-FV4-10-23-21_DLC,10,949.0,45,949,Open-Field-Test\results\Subject 4-P28 vehicle-FV4-10-23-21_DLC\VAME\hmm-15
Subject 4-P28 vehicle-FV4-10-23-21_DLC,11,1626.0,157,1626,Open-Field-Test\results\Subject 4-P28 vehicle-FV4-10-23-21_DLC\VAME\hmm-15
Subject 4-P28 vehicle-FV4-10-23-21_DLC,12,984.0,65,984,Open-Field-Test\results\Subject 4-P28 vehicle-FV4-10-23-21_DLC\VAME\hmm-15
Subject 4-P28 vehicle-FV4-10-23-21_DLC,13,1565.0,72,1565,Open-Field-Test\results\Subject 4-P28 vehicle-FV4-10-23-21_DLC\VAME\hmm-15
Subject 4-P28 vehicle-FV4-10-23-21_DLC,14,995.0,77,995,Open-Field-Test\results\Subject 4-P28 vehicle-FV4-10-23-21_DLC\VAME\hmm-15
Subject 5 - female GO - Vehicle OFT_DLC,0,1386.0,103,1386,Open-Field-Test\results\Subject 5 - female GO - Vehicle OFT_DLC\VAME\hmm-15
Subject 5 - female GO - Vehicle OFT_DLC,1,2532.0,171,2532,Open-Field-Test\results\Subject 5 - female GO - Vehicle OFT_DLC\VAME\hmm-15
Subject 5 - female GO - Vehicle OFT_DLC,2,2032.0,223,2032,Open-Field-Test\results\Subject 5 - female GO - Vehicle OFT_DLC\VAME\hmm-15
Subject 5 - female GO - Vehicle OFT_DLC,3,1774.0,95,1774,Open-Field-Test\results\Subject 5 - female GO - Vehicle OFT_DLC\VAME\hmm-15
Subject 5 - female GO - Vehicle OFT_DLC,4,466.0,51,466,Open-Field-Test\results\Subject 5 - female GO - Vehicle OFT_DLC\VAME\hmm-15
Subject 5 - female GO - Vehicle OFT_DLC,5,2321.0,190,2321,Open-Field-Test\results\Subject 5 - female GO - Vehicle OFT_DLC\VAME\hmm-15
Subject 5 - female GO - Vehicle OFT_DLC,6,75.0,2,75,Open-Field-Test\results\Subject 5 - female GO - Vehicle OFT_DLC\VAME\hmm-15
Subject 5 - female GO - Vehicle OFT_DLC,7,670.0,29,670,Open-Field-Test\results\Subject 5 - female GO - Vehicle OFT_DLC\VAME\hmm-15
Subject 5 - female GO - Vehicle OFT_DLC,8,907.0,83,907,Open-Field-Test\results\Subject 5 - female GO - Vehicle OFT_DLC\VAME\hmm-15
Subject 5 - female GO - Vehicle OFT_DLC,9,361.0,11,361,Open-Field-Test\results\Subject 5 - female GO - Vehicle OFT_DLC\VAME\hmm-15
Subject 5 - female GO - Vehicle OFT_DLC,10,918.0,57,918,Open-Field-Test\results\Subject 5 - female GO - Vehicle OFT_DLC\VAME\hmm-15
Subject 5 - female GO - Vehicle OFT_DLC,11,2625.0,210,2625,Open-Field-Test\results\Subject 5 - female GO - Vehicle OFT_DLC\VAME\hmm-15
Subject 5 - female GO - Vehicle OFT_DLC,12,1928.0,135,1928,Open-Field-Test\results\Subject 5 - female GO - Vehicle OFT_DLC\VAME\hmm-15
Subject 5 - female GO - Vehicle OFT_DLC,13,901.0,36,901,Open-Field-Test\results\Subject 5 - female GO - Vehicle OFT_DLC\VAME\hmm-15
Subject 5 - female GO - Vehicle OFT_DLC,14,169.0,32,169,Open-Field-Test\results\Subject 5 - female GO - Vehicle OFT_DLC\VAME\hmm-15
Subject 5 - JS5 - CBD - OFT_DLC,0,1336.0,102,1336,Open-Field-Test\results\Subject 5 - JS5 - CBD - OFT_DLC\VAME\hmm-15
Subject 5 - JS5 - CBD - OFT_DLC,1,2788.0,166,2788,Open-Field-Test\results\Subject 5 - JS5 - CBD - OFT_DLC\VAME\hmm-15
Subject 5 - JS5 - CBD - OFT_DLC,2,1874.0,189,1874,Open-Field-Test\results\Subject 5 - JS5 - CBD - OFT_DLC\VAME\hmm-15
Subject 5 - JS5 - CBD - OFT_DLC,3,871.0,73,871,Open-Field-Test\results\Subject 5 - JS5 - CBD - OFT_DLC\VAME\hmm-15
Subject 5 - JS5 - CBD - OFT_DLC,4,861.0,74,861,Open-Field-Test\results\Subject 5 - JS5 - CBD - OFT_DLC\VAME\hmm-15
Subject 5 - JS5 - CBD - OFT_DLC,5,2108.0,160,2108,Open-Field-Test\results\Subject 5 - JS5 - CBD - OFT_DLC\VAME\hmm-15
Subject 5 - JS5 - CBD - OFT_DLC,6,0.0,0,0,Open-Field-Test\results\Subject 5 - JS5 - CBD - OFT_DLC\VAME\hmm-15
Subject 5 - JS5 - CBD - OFT_DLC,7,2611.0,58,2611,Open-Field-Test\results\Subject 5 - JS5 - CBD - OFT_DLC\VAME\hmm-15
Subject 5 - JS5 - CBD - OFT_DLC,8,807.0,68,807,Open-Field-Test\results\Subject 5 - JS5 - CBD - OFT_DLC\VAME\hmm-15
Subject 5 - JS5 - CBD - OFT_DLC,9,227.0,11,227,Open-Field-Test\results\Subject 5 - JS5 - CBD - OFT_DLC\VAME\hmm-15
Subject 5 - JS5 - CBD - OFT_DLC,10,391.0,35,391,Open-Field-Test\results\Subject 5 - JS5 - CBD - OFT_DLC\VAME\hmm-15
Subject 5 - JS5 - CBD - OFT_DLC,11,1963.0,162,1963,Open-Field-Test\results\Subject 5 - JS5 - CBD - OFT_DLC\VAME\hmm-15
Subject 5 - JS5 - CBD - OFT_DLC,12,2317.0,149,2317,Open-Field-Test\results\Subject 5 - JS5 - CBD - OFT_DLC\VAME\hmm-15
Subject 5 - JS5 - CBD - OFT_DLC,13,364.0,23,364,Open-Field-Test\results\Subject 5 - JS5 - CBD - OFT_DLC\VAME\hmm-15
Subject 5 - JS5 - CBD - OFT_DLC,14,289.0,39,289,Open-Field-Test\results\Subject 5 - JS5 - CBD - OFT_DLC\VAME\hmm-15
Subject 5-P14 vehicle-EZ5-8-3-21_DLC,0,845.0,66,845,Open-Field-Test\results\Subject 5-P14 vehicle-EZ5-8-3-21_DLC\VAME\hmm-15
Subject 5-P14 vehicle-EZ5-8-3-21_DLC,1,1496.0,114,1496,Open-Field-Test\results\Subject 5-P14 vehicle-EZ5-8-3-21_DLC\VAME\hmm-15
Subject 5-P14 vehicle-EZ5-8-3-21_DLC,2,1292.0,172,1292,Open-Field-Test\results\Subject 5-P14 vehicle-EZ5-8-3-21_DLC\VAME\hmm-15
Subject 5-P14 vehicle-EZ5-8-3-21_DLC,3,400.0,30,400,Open-Field-Test\results\Subject 5-P14 vehicle-EZ5-8-3-21_DLC\VAME\hmm-15
Subject 5-P14 vehicle-EZ5-8-3-21_DLC,4,1006.0,78,1006,Open-Field-Test\results\Subject 5-P14 vehicle-EZ5-8-3-21_DLC\VAME\hmm-15
Subject 5-P14 vehicle-EZ5-8-3-21_DLC,5,727.0,68,727,Open-Field-Test\results\Subject 5-P14 vehicle-EZ5-8-3-21_DLC\VAME\hmm-15
Subject 5-P14 vehicle-EZ5-8-3-21_DLC,6,17.0,1,17,Open-Field-Test\results\Subject 5-P14 vehicle-EZ5-8-3-21_DLC\VAME\hmm-15
Subject 5-P14 vehicle-EZ5-8-3-21_DLC,7,1861.0,67,1861,Open-Field-Test\results\Subject 5-P14 vehicle-EZ5-8-3-21_DLC\VAME\hmm-15
Subject 5-P14 vehicle-EZ5-8-3-21_DLC,8,1534.0,93,1534,Open-Field-Test\results\Subject 5-P14 vehicle-EZ5-8-3-21_DLC\VAME\hmm-15
Subject 5-P14 vehicle-EZ5-8-3-21_DLC,9,1722.0,21,1722,Open-Field-Test\results\Subject 5-P14 vehicle-EZ5-8-3-21_DLC\VAME\hmm-15
Subject 5-P14 vehicle-EZ5-8-3-21_DLC,10,2898.0,122,2898,Open-Field-Test\results\Subject 5-P14 vehicle-EZ5-8-3-21_DLC\VAME\hmm-15
Subject 5-P14 vehicle-EZ5-8-3-21_DLC,11,1143.0,118,1143,Open-Field-Test\results\Subject 5-P14 vehicle-EZ5-8-3-21_DLC\VAME\hmm-15
Subject 5-P14 vehicle-EZ5-8-3-21_DLC,12,1570.0,125,1570,Open-Field-Test\results\Subject 5-P14 vehicle-EZ5-8-3-21_DLC\VAME\hmm-15
Subject 5-P14 vehicle-EZ5-8-3-21_DLC,13,630.0,24,630,Open-Field-Test\results\Subject 5-P14 vehicle-EZ5-8-3-21_DLC\VAME\hmm-15
Subject 5-P14 vehicle-EZ5-8-3-21_DLC,14,1212.0,81,1212,Open-Field-Test\results\Subject 5-P14 vehicle-EZ5-8-3-21_DLC\VAME\hmm-15
Subject 5-P28 vehicle-FV5-10-23-21_DLC,0,1088.0,74,1088,Open-Field-Test\results\Subject 5-P28 vehicle-FV5-10-23-21_DLC\VAME\hmm-15
Subject 5-P28 vehicle-FV5-10-23-21_DLC,1,1248.0,94,1248,Open-Field-Test\results\Subject 5-P28 vehicle-FV5-10-23-21_DLC\VAME\hmm-15
Subject 5-P28 vehicle-FV5-10-23-21_DLC,2,859.0,128,859,Open-Field-Test\results\Subject 5-P28 vehicle-FV5-10-23-21_DLC\VAME\hmm-15
Subject 5-P28 vehicle-FV5-10-23-21_DLC,3,719.0,49,719,Open-Field-Test\results\Subject 5-P28 vehicle-FV5-10-23-21_DLC\VAME\hmm-15
Subject 5-P28 vehicle-FV5-10-23-21_DLC,4,976.0,80,976,Open-Field-Test\results\Subject 5-P28 vehicle-FV5-10-23-21_DLC\VAME\hmm-15
Subject 5-P28 vehicle-FV5-10-23-21_DLC,5,945.0,104,945,Open-Field-Test\results\Subject 5-P28 vehicle-FV5-10-23-21_DLC\VAME\hmm-15
Subject 5-P28 vehicle-FV5-10-23-21_DLC,6,33.0,1,33,Open-Field-Test\results\Subject 5-P28 vehicle-FV5-10-23-21_DLC\VAME\hmm-15
Subject 5-P28 vehicle-FV5-10-23-21_DLC,7,2530.0,64,2530,Open-Field-Test\results\Subject 5-P28 vehicle-FV5-10-23-21_DLC\VAME\hmm-15
Subject 5-P28 vehicle-FV5-10-23-21_DLC,8,1102.0,72,1102,Open-Field-Test\results\Subject 5-P28 vehicle-FV5-10-23-21_DLC\VAME\hmm-15
Subject 5-P28 vehicle-FV5-10-23-21_DLC,9,1505.0,35,1505,Open-Field-Test\results\Subject 5-P28 vehicle-FV5-10-23-21_DLC\VAME\hmm-15
Subject 5-P28 vehicle-FV5-10-23-21_DLC,10,2897.0,89,2897,Open-Field-Test\results\Subject 5-P28 vehicle-FV5-10-23-21_DLC\VAME\hmm-15
Subject 5-P28 vehicle-FV5-10-23-21_DLC,11,1007.0,94,1007,Open-Field-Test\results\Subject 5-P28 vehicle-FV5-10-23-21_DLC\VAME\hmm-15
Subject 5-P28 vehicle-FV5-10-23-21_DLC,12,847.0,73,847,Open-Field-Test\results\Subject 5-P28 vehicle-FV5-10-23-21_DLC\VAME\hmm-15
Subject 5-P28 vehicle-FV5-10-23-21_DLC,13,1066.0,37,1066,Open-Field-Test\results\Subject 5-P28 vehicle-FV5-10-23-21_DLC\VAME\hmm-15
Subject 5-P28 vehicle-FV5-10-23-21_DLC,14,1348.0,98,1348,Open-Field-Test\results\Subject 5-P28 vehicle-FV5-10-23-21_DLC\VAME\hmm-15
Subject 6-P14 vehicle-EZ6-8-3-2021_DLC,0,1788.0,116,1788,Open-Field-Test\results\Subject 6-P14 vehicle-EZ6-8-3-2021_DLC\VAME\hmm-15
Subject 6-P14 vehicle-EZ6-8-3-2021_DLC,1,354.0,36,354,Open-Field-Test\results\Subject 6-P14 vehicle-EZ6-8-3-2021_DLC\VAME\hmm-15
Subject 6-P14 vehicle-EZ6-8-3-2021_DLC,2,872.0,78,872,Open-Field-Test\results\Subject 6-P14 vehicle-EZ6-8-3-2021_DLC\VAME\hmm-15
Subject 6-P14 vehicle-EZ6-8-3-2021_DLC,3,434.0,34,434,Open-Field-Test\results\Subject 6-P14 vehicle-EZ6-8-3-2021_DLC\VAME\hmm-15
Subject 6-P14 vehicle-EZ6-8-3-2021_DLC,4,1601.0,130,1601,Open-Field-Test\results\Subject 6-P14 vehicle-EZ6-8-3-2021_DLC\VAME\hmm-15
Subject 6-P14 vehicle-EZ6-8-3-2021_DLC,5,271.0,41,271,Open-Field-Test\results\Subject 6-P14 vehicle-EZ6-8-3-2021_DLC\VAME\hmm-15
Subject 6-P14 vehicle-EZ6-8-3-2021_DLC,6,27.0,2,27,Open-Field-Test\results\Subject 6-P14 vehicle-EZ6-8-3-2021_DLC\VAME\hmm-15
Subject 6-P14 vehicle-EZ6-8-3-2021_DLC,7,2170.0,72,2170,Open-Field-Test\results\Subject 6-P14 vehicle-EZ6-8-3-2021_DLC\VAME\hmm-15
Subject 6-P14 vehicle-EZ6-8-3-2021_DLC,8,1639.0,133,1639,Open-Field-Test\results\Subject 6-P14 vehicle-EZ6-8-3-2021_DLC\VAME\hmm-15
Subject 6-P14 vehicle-EZ6-8-3-2021_DLC,9,694.0,30,694,Open-Field-Test\results\Subject 6-P14 vehicle-EZ6-8-3-2021_DLC\VAME\hmm-15
Subject 6-P14 vehicle-EZ6-8-3-2021_DLC,10,2577.0,104,2577,Open-Field-Test\results\Subject 6-P14 vehicle-EZ6-8-3-2021_DLC\VAME\hmm-15
Subject 6-P14 vehicle-EZ6-8-3-2021_DLC,11,192.0,28,192,Open-Field-Test\results\Subject 6-P14 vehicle-EZ6-8-3-2021_DLC\VAME\hmm-15
Subject 6-P14 vehicle-EZ6-8-3-2021_DLC,12,925.0,67,925,Open-Field-Test\results\Subject 6-P14 vehicle-EZ6-8-3-2021_DLC\VAME\hmm-15
Subject 6-P14 vehicle-EZ6-8-3-2021_DLC,13,1065.0,54,1065,Open-Field-Test\results\Subject 6-P14 vehicle-EZ6-8-3-2021_DLC\VAME\hmm-15
Subject 6-P14 vehicle-EZ6-8-3-2021_DLC,14,3811.0,188,3811,Open-Field-Test\results\Subject 6-P14 vehicle-EZ6-8-3-2021_DLC\VAME\hmm-15
Subject 6-P28 vehicle-FV6-10-23-21_DLC,0,917.0,71,917,Open-Field-Test\results\Subject 6-P28 vehicle-FV6-10-23-21_DLC\VAME\hmm-15
Subject 6-P28 vehicle-FV6-10-23-21_DLC,1,1186.0,91,1186,Open-Field-Test\results\Subject 6-P28 vehicle-FV6-10-23-21_DLC\VAME\hmm-15
Subject 6-P28 vehicle-FV6-10-23-21_DLC,2,1389.0,143,1389,Open-Field-Test\results\Subject 6-P28 vehicle-FV6-10-23-21_DLC\VAME\hmm-15
Subject 6-P28 vehicle-FV6-10-23-21_DLC,3,691.0,58,691,Open-Field-Test\results\Subject 6-P28 vehicle-FV6-10-23-21_DLC\VAME\hmm-15
Subject 6-P28 vehicle-FV6-10-23-21_DLC,4,1017.0,70,1017,Open-Field-Test\results\Subject 6-P28 vehicle-FV6-10-23-21_DLC\VAME\hmm-15
Subject 6-P28 vehicle-FV6-10-23-21_DLC,5,1128.0,110,1128,Open-Field-Test\results\Subject 6-P28 vehicle-FV6-10-23-21_DLC\VAME\hmm-15
Subject 6-P28 vehicle-FV6-10-23-21_DLC,6,72.0,2,72,Open-Field-Test\results\Subject 6-P28 vehicle-FV6-10-23-21_DLC\VAME\hmm-15
Subject 6-P28 vehicle-FV6-10-23-21_DLC,7,2588.0,53,2588,Open-Field-Test\results\Subject 6-P28 vehicle-FV6-10-23-21_DLC\VAME\hmm-15
Subject 6-P28 vehicle-FV6-10-23-21_DLC,8,926.0,70,926,Open-Field-Test\results\Subject 6-P28 vehicle-FV6-10-23-21_DLC\VAME\hmm-15
Subject 6-P28 vehicle-FV6-10-23-21_DLC,9,813.0,21,813,Open-Field-Test\results\Subject 6-P28 vehicle-FV6-10-23-21_DLC\VAME\hmm-15
Subject 6-P28 vehicle-FV6-10-23-21_DLC,10,2624.0,86,2624,Open-Field-Test\results\Subject 6-P28 vehicle-FV6-10-23-21_DLC\VAME\hmm-15
Subject 6-P28 vehicle-FV6-10-23-21_DLC,11,1455.0,108,1455,Open-Field-Test\results\Subject 6-P28 vehicle-FV6-10-23-21_DLC\VAME\hmm-15
Subject 6-P28 vehicle-FV6-10-23-21_DLC,12,1520.0,98,1520,Open-Field-Test\results\Subject 6-P28 vehicle-FV6-10-23-21_DLC\VAME\hmm-15
Subject 6-P28 vehicle-FV6-10-23-21_DLC,13,640.0,27,640,Open-Field-Test\results\Subject 6-P28 vehicle-FV6-10-23-21_DLC\VAME\hmm-15
Subject 6-P28 vehicle-FV6-10-23-21_DLC,14,1159.0,79,1159,Open-Field-Test\results\Subject 6-P28 vehicle-FV6-10-23-21_DLC\VAME\hmm-15
Subject 7-P14 vehicle-EZ7-8-3-2021_DLC,0,3245.0,173,3245,Open-Field-Test\results\Subject 7-P14 vehicle-EZ7-8-3-2021_DLC\VAME\hmm-15
Subject 7-P14 vehicle-EZ7-8-3-2021_DLC,1,519.0,55,519,Open-Field-Test\results\Subject 7-P14 vehicle-EZ7-8-3-2021_DLC\VAME\hmm-15
Subject 7-P14 vehicle-EZ7-8-3-2021_DLC,2,1398.0,117,1398,Open-Field-Test\results\Subject 7-P14 vehicle-EZ7-8-3-2021_DLC\VAME\hmm-15
Subject 7-P14 vehicle-EZ7-8-3-2021_DLC,3,412.0,41,412,Open-Field-Test\results\Subject 7-P14 vehicle-EZ7-8-3-2021_DLC\VAME\hmm-15
Subject 7-P14 vehicle-EZ7-8-3-2021_DLC,4,1686.0,139,1686,Open-Field-Test\results\Subject 7-P14 vehicle-EZ7-8-3-2021_DLC\VAME\hmm-15
Subject 7-P14 vehicle-EZ7-8-3-2021_DLC,5,98.0,22,98,Open-Field-Test\results\Subject 7-P14 vehicle-EZ7-8-3-2021_DLC\VAME\hmm-15
Subject 7-P14 vehicle-EZ7-8-3-2021_DLC,6,28.0,2,28,Open-Field-Test\results\Subject 7-P14 vehicle-EZ7-8-3-2021_DLC\VAME\hmm-15
Subject 7-P14 vehicle-EZ7-8-3-2021_DLC,7,946.0,48,946,Open-Field-Test\results\Subject 7-P14 vehicle-EZ7-8-3-2021_DLC\VAME\hmm-15
Subject 7-P14 vehicle-EZ7-8-3-2021_DLC,8,1938.0,136,1938,Open-Field-Test\results\Subject 7-P14 vehicle-EZ7-8-3-2021_DLC\VAME\hmm-15
Subject 7-P14 vehicle-EZ7-8-3-2021_DLC,9,271.0,10,271,Open-Field-Test\results\Subject 7-P14 vehicle-EZ7-8-3-2021_DLC\VAME\hmm-15
Subject 7-P14 vehicle-EZ7-8-3-2021_DLC,10,1803.0,90,1803,Open-Field-Test\results\Subject 7-P14 vehicle-EZ7-8-3-2021_DLC\VAME\hmm-15
Subject 7-P14 vehicle-EZ7-8-3-2021_DLC,11,233.0,39,233,Open-Field-Test\results\Subject 7-P14 vehicle-EZ7-8-3-2021_DLC\VAME\hmm-15
Subject 7-P14 vehicle-EZ7-8-3-2021_DLC,12,816.0,72,816,Open-Field-Test\results\Subject 7-P14 vehicle-EZ7-8-3-2021_DLC\VAME\hmm-15
Subject 7-P14 vehicle-EZ7-8-3-2021_DLC,13,1227.0,59,1227,Open-Field-Test\results\Subject 7-P14 vehicle-EZ7-8-3-2021_DLC\VAME\hmm-15
Subject 7-P14 vehicle-EZ7-8-3-2021_DLC,14,3930.0,191,3930,Open-Field-Test\results\Subject 7-P14 vehicle-EZ7-8-3-2021_DLC\VAME\hmm-15
Subject 7-P28 vehicle-FV7-10-23-21_DLC,0,2321.0,154,2321,Open-Field-Test\results\Subject 7-P28 vehicle-FV7-10-23-21_DLC\VAME\hmm-15
Subject 7-P28 vehicle-FV7-10-23-21_DLC,1,796.0,81,796,Open-Field-Test\results\Subject 7-P28 vehicle-FV7-10-23-21_DLC\VAME\hmm-15
Subject 7-P28 vehicle-FV7-10-23-21_DLC,2,2585.0,262,2585,Open-Field-Test\results\Subject 7-P28 vehicle-FV7-10-23-21_DLC\VAME\hmm-15
Subject 7-P28 vehicle-FV7-10-23-21_DLC,3,1505.0,102,1505,Open-Field-Test\results\Subject 7-P28 vehicle-FV7-10-23-21_DLC\VAME\hmm-15
Subject 7-P28 vehicle-FV7-10-23-21_DLC,4,872.0,95,872,Open-Field-Test\results\Subject 7-P28 vehicle-FV7-10-23-21_DLC\VAME\hmm-15
Subject 7-P28 vehicle-FV7-10-23-21_DLC,5,1083.0,151,1083,Open-Field-Test\results\Subject 7-P28 vehicle-FV7-10-23-21_DLC\VAME\hmm-15
Subject 7-P28 vehicle-FV7-10-23-21_DLC,6,14.0,2,14,Open-Field-Test\results\Subject 7-P28 vehicle-FV7-10-23-21_DLC\VAME\hmm-15
Subject 7-P28 vehicle-FV7-10-23-21_DLC,7,797.0,23,797,Open-Field-Test\results\Subject 7-P28 vehicle-FV7-10-23-21_DLC\VAME\hmm-15
Subject 7-P28 vehicle-FV7-10-23-21_DLC,8,900.0,66,900,Open-Field-Test\results\Subject 7-P28 vehicle-FV7-10-23-21_DLC\VAME\hmm-15
Subject 7-P28 vehicle-FV7-10-23-21_DLC,9,321.0,8,321,Open-Field-Test\results\Subject 7-P28 vehicle-FV7-10-23-21_DLC\VAME\hmm-15
Subject 7-P28 vehicle-FV7-10-23-21_DLC,10,1347.0,54,1347,Open-Field-Test\results\Subject 7-P28 vehicle-FV7-10-23-21_DLC\VAME\hmm-15
Subject 7-P28 vehicle-FV7-10-23-21_DLC,11,1850.0,174,1850,Open-Field-Test\results\Subject 7-P28 vehicle-FV7-10-23-21_DLC\VAME\hmm-15
Subject 7-P28 vehicle-FV7-10-23-21_DLC,12,930.0,69,930,Open-Field-Test\results\Subject 7-P28 vehicle-FV7-10-23-21_DLC\VAME\hmm-15
Subject 7-P28 vehicle-FV7-10-23-21_DLC,13,1297.0,67,1297,Open-Field-Test\results\Subject 7-P28 vehicle-FV7-10-23-21_DLC\VAME\hmm-15
Subject 7-P28 vehicle-FV7-10-23-21_DLC,14,1801.0,126,1801,Open-Field-Test\results\Subject 7-P28 vehicle-FV7-10-23-21_DLC\VAME\hmm-15
Subject 8-P28 vehicle-FV8-10-23-21_DLC,0,1656.0,108,1656,Open-Field-Test\results\Subject 8-P28 vehicle-FV8-10-23-21_DLC\VAME\hmm-15
Subject 8-P28 vehicle-FV8-10-23-21_DLC,1,1199.0,82,1199,Open-Field-Test\results\Subject 8-P28 vehicle-FV8-10-23-21_DLC\VAME\hmm-15
Subject 8-P28 vehicle-FV8-10-23-21_DLC,2,1293.0,145,1293,Open-Field-Test\results\Subject 8-P28 vehicle-FV8-10-23-21_DLC\VAME\hmm-15
Subject 8-P28 vehicle-FV8-10-23-21_DLC,3,960.0,71,960,Open-Field-Test\results\Subject 8-P28 vehicle-FV8-10-23-21_DLC\VAME\hmm-15
Subject 8-P28 vehicle-FV8-10-23-21_DLC,4,1486.0,110,1486,Open-Field-Test\results\Subject 8-P28 vehicle-FV8-10-23-21_DLC\VAME\hmm-15
Subject 8-P28 vehicle-FV8-10-23-21_DLC,5,930.0,128,930,Open-Field-Test\results\Subject 8-P28 vehicle-FV8-10-23-21_DLC\VAME\hmm-15
Subject 8-P28 vehicle-FV8-10-23-21_DLC,6,16.0,2,16,Open-Field-Test\results\Subject 8-P28 vehicle-FV8-10-23-21_DLC\VAME\hmm-15
Subject 8-P28 vehicle-FV8-10-23-21_DLC,7,1364.0,39,1364,Open-Field-Test\results\Subject 8-P28 vehicle-FV8-10-23-21_DLC\VAME\hmm-15
Subject 8-P28 vehicle-FV8-10-23-21_DLC,8,1007.0,89,1007,Open-Field-Test\results\Subject 8-P28 vehicle-FV8-10-23-21_DLC\VAME\hmm-15
Subject 8-P28 vehicle-FV8-10-23-21_DLC,9,245.0,11,245,Open-Field-Test\results\Subject 8-P28 vehicle-FV8-10-23-21_DLC\VAME\hmm-15
Subject 8-P28 vehicle-FV8-10-23-21_DLC,10,2550.0,80,2550,Open-Field-Test\results\Subject 8-P28 vehicle-FV8-10-23-21_DLC\VAME\hmm-15
Subject 8-P28 vehicle-FV8-10-23-21_DLC,11,1058.0,105,1058,Open-Field-Test\results\Subject 8-P28 vehicle-FV8-10-23-21_DLC\VAME\hmm-15
Subject 8-P28 vehicle-FV8-10-23-21_DLC,12,974.0,74,974,Open-Field-Test\results\Subject 8-P28 vehicle-FV8-10-23-21_DLC\VAME\hmm-15
Subject 8-P28 vehicle-FV8-10-23-21_DLC,13,1564.0,57,1564,Open-Field-Test\results\Subject 8-P28 vehicle-FV8-10-23-21_DLC\VAME\hmm-15
Subject 8-P28 vehicle-FV8-10-23-21_DLC,14,2410.0,128,2410,Open-Field-Test\results\Subject 8-P28 vehicle-FV8-10-23-21_DLC\VAME\hmm-15
Subject 9-P28 vehicle-FV9-10-23-21_DLC,0,1399.0,111,1399,Open-Field-Test\results\Subject 9-P28 vehicle-FV9-10-23-21_DLC\VAME\hmm-15
Subject 9-P28 vehicle-FV9-10-23-21_DLC,1,1483.0,99,1483,Open-Field-Test\results\Subject 9-P28 vehicle-FV9-10-23-21_DLC\VAME\hmm-15
Subject 9-P28 vehicle-FV9-10-23-21_DLC,2,2029.0,216,2029,Open-Field-Test\results\Subject 9-P28 vehicle-FV9-10-23-21_DLC\VAME\hmm-15
Subject 9-P28 vehicle-FV9-10-23-21_DLC,3,1510.0,85,1510,Open-Field-Test\results\Subject 9-P28 vehicle-FV9-10-23-21_DLC\VAME\hmm-15
Subject 9-P28 vehicle-FV9-10-23-21_DLC,4,728.0,75,728,Open-Field-Test\results\Subject 9-P28 vehicle-FV9-10-23-21_DLC\VAME\hmm-15
Subject 9-P28 vehicle-FV9-10-23-21_DLC,5,1756.0,155,1756,Open-Field-Test\results\Subject 9-P28 vehicle-FV9-10-23-21_DLC\VAME\hmm-15
Subject 9-P28 vehicle-FV9-10-23-21_DLC,6,59.0,1,59,Open-Field-Test\results\Subject 9-P28 vehicle-FV9-10-23-21_DLC\VAME\hmm-15
Subject 9-P28 vehicle-FV9-10-23-21_DLC,7,999.0,28,999,Open-Field-Test\results\Subject 9-P28 vehicle-FV9-10-23-21_DLC\VAME\hmm-15
Subject 9-P28 vehicle-FV9-10-23-21_DLC,8,931.0,72,931,Open-Field-Test\results\Subject 9-P28 vehicle-FV9-10-23-21_DLC\VAME\hmm-15
Subject 9-P28 vehicle-FV9-10-23-21_DLC,9,260.0,6,260,Open-Field-Test\results\Subject 9-P28 vehicle-FV9-10-23-21_DLC\VAME\hmm-15
Subject 9-P28 vehicle-FV9-10-23-21_DLC,10,1918.0,69,1918,Open-Field-Test\results\Subject 9-P28 vehicle-FV9-10-23-21_DLC\VAME\hmm-15
Subject 9-P28 vehicle-FV9-10-23-21_DLC,11,1701.0,160,1701,Open-Field-Test\results\Subject 9-P28 vehicle-FV9-10-23-21_DLC\VAME\hmm-15
Subject 9-P28 vehicle-FV9-10-23-21_DLC,12,1113.0,85,1113,Open-Field-Test\results\Subject 9-P28 vehicle-FV9-10-23-21_DLC\VAME\hmm-15
Subject 9-P28 vehicle-FV9-10-23-21_DLC,13,795.0,48,795,Open-Field-Test\results\Subject 9-P28 vehicle-FV9-10-23-21_DLC\VAME\hmm-15
Subject 9-P28 vehicle-FV9-10-23-21_DLC,14,1403.0,92,1403,Open-Field-Test\results\Subject 9-P28 vehicle-FV9-10-23-21_DLC\VAME\hmm-15
